farm,asset_id,source_file,season,direction_sector,n,prop
==> all_direction_summary.csv <==

==> WindFarmA_0_cleaned_direction_summary.csv <==
WindFarmA,0,0_cleaned.csv,Fall,E,4997,0.3836468330134357
WindFarmA,0,0_cleaned.csv,Fall,N,544,0.041765834932821495
WindFarmA,0,0_cleaned.csv,Fall,NE,550,0.04222648752399232
WindFarmA,0,0_cleaned.csv,Fall,NW,1311,0.10065259117082534
WindFarmA,0,0_cleaned.csv,Fall,S,1135,0.08714011516314779
WindFarmA,0,0_cleaned.csv,Fall,SE,1594,0.12238003838771593
WindFarmA,0,0_cleaned.csv,Fall,SW,1276,0.09796545105566219
WindFarmA,0,0_cleaned.csv,Fall,W,1618,0.12422264875239923
WindFarmA,0,0_cleaned.csv,Spring,E,5054,0.3816932255871913
WindFarmA,0,0_cleaned.csv,Spring,N,567,0.042821539158673816
WindFarmA,0,0_cleaned.csv,Spring,NE,472,0.03564685446718526
WindFarmA,0,0_cleaned.csv,Spring,NW,1208,0.09123178007703346
WindFarmA,0,0_cleaned.csv,Spring,S,900,0.06797069707726003
WindFarmA,0,0_cleaned.csv,Spring,SE,1910,0.14424892379729629
WindFarmA,0,0_cleaned.csv,Spring,SW,1395,0.10535458046975305
WindFarmA,0,0_cleaned.csv,Spring,W,1735,0.13103239936560682
WindFarmA,0,0_cleaned.csv,Summer,E,5063,0.3915094339622642
WindFarmA,0,0_cleaned.csv,Summer,N,348,0.026909990720692854
WindFarmA,0,0_cleaned.csv,Summer,NE,433,0.03348283328178163
WindFarmA,0,0_cleaned.csv,Summer,NW,1220,0.09433962264150944
WindFarmA,0,0_cleaned.csv,Summer,S,985,0.07616764614908754
WindFarmA,0,0_cleaned.csv,Summer,SE,1579,0.12210021651716672
WindFarmA,0,0_cleaned.csv,Summer,SW,1095,0.08467367769873183
WindFarmA,0,0_cleaned.csv,Summer,W,2209,0.17081657902876585
WindFarmA,0,0_cleaned.csv,Winter,E,4565,0.3525096525096525
WindFarmA,0,0_cleaned.csv,Winter,N,1023,0.078996138996139
WindFarmA,0,0_cleaned.csv,Winter,NE,1026,0.07922779922779923
WindFarmA,0,0_cleaned.csv,Winter,NW,1716,0.13250965250965252
WindFarmA,0,0_cleaned.csv,Winter,S,525,0.04054054054054054
WindFarmA,0,0_cleaned.csv,Winter,SE,1939,0.14972972972972973
WindFarmA,0,0_cleaned.csv,Winter,SW,859,0.06633204633204633
WindFarmA,0,0_cleaned.csv,Winter,W,1297,0.10015444015444015

==> WindFarmA_10_cleaned_direction_summary.csv <==
WindFarmA,10,10_cleaned.csv,Fall,E,4640,0.3547129424355936
WindFarmA,10,10_cleaned.csv,Fall,N,653,0.04991973090742298
WindFarmA,10,10_cleaned.csv,Fall,NE,430,0.032872104579160615
WindFarmA,10,10_cleaned.csv,Fall,NW,1223,0.0934943811635196
WindFarmA,10,10_cleaned.csv,Fall,S,921,0.07040746120327192
WindFarmA,10,10_cleaned.csv,Fall,SE,2387,0.18247840379175903
WindFarmA,10,10_cleaned.csv,Fall,SW,1069,0.08172158091889
WindFarmA,10,10_cleaned.csv,Fall,W,1758,0.13439339500038222
WindFarmA,10,10_cleaned.csv,Spring,E,3985,0.3009364144389065
WindFarmA,10,10_cleaned.csv,Spring,N,662,0.04999244827065398
WindFarmA,10,10_cleaned.csv,Spring,NE,417,0.03149071137290439
WindFarmA,10,10_cleaned.csv,Spring,NW,1213,0.0916024769672255
WindFarmA,10,10_cleaned.csv,Spring,S,825,0.06230176710466697
WindFarmA,10,10_cleaned.csv,Spring,SE,2927,0.22103911795801237
WindFarmA,10,10_cleaned.csv,Spring,SW,1450,0.10950007551729346
WindFarmA,10,10_cleaned.csv,Spring,W,1763,0.1331369883703368
WindFarmA,10,10_cleaned.csv,Summer,E,4176,0.319046527618611
WindFarmA,10,10_cleaned.csv,Summer,N,478,0.03651921460768584
WindFarmA,10,10_cleaned.csv,Summer,NE,387,0.029566811826724732
WindFarmA,10,10_cleaned.csv,Summer,NW,1478,0.11291924516769807
WindFarmA,10,10_cleaned.csv,Summer,S,886,0.06769042707617083
WindFarmA,10,10_cleaned.csv,Summer,SE,2216,0.1693024677209871
WindFarmA,10,10_cleaned.csv,Summer,SW,1301,0.0993964397585759
WindFarmA,10,10_cleaned.csv,Summer,W,2167,0.16555886622354649
WindFarmA,10,10_cleaned.csv,Winter,E,3654,0.28301448377352645
WindFarmA,10,10_cleaned.csv,Winter,N,1167,0.09038804120517388
WindFarmA,10,10_cleaned.csv,Winter,NE,916,0.07094725427929673
WindFarmA,10,10_cleaned.csv,Winter,NW,1671,0.1294245217256603
WindFarmA,10,10_cleaned.csv,Winter,S,594,0.04600728061343041
WindFarmA,10,10_cleaned.csv,Winter,SE,2884,0.2233754163116722
WindFarmA,10,10_cleaned.csv,Winter,SW,819,0.0634342808457904
WindFarmA,10,10_cleaned.csv,Winter,W,1206,0.09340872124544962

==> WindFarmA_13_cleaned_direction_summary.csv <==
WindFarmA,21,13_cleaned.csv,Fall,E,4847,0.380127048858913
WindFarmA,21,13_cleaned.csv,Fall,N,514,0.040310563877342956
WindFarmA,21,13_cleaned.csv,Fall,NE,514,0.040310563877342956
WindFarmA,21,13_cleaned.csv,Fall,NW,1240,0.09724727472355109
WindFarmA,21,13_cleaned.csv,Fall,S,1085,0.0850913653831072
WindFarmA,21,13_cleaned.csv,Fall,SE,1613,0.12649988236216766
WindFarmA,21,13_cleaned.csv,Fall,SW,1227,0.09622774684338484
WindFarmA,21,13_cleaned.csv,Fall,W,1711,0.13418555407419025
WindFarmA,21,13_cleaned.csv,Spring,E,4628,0.3502080968596292
WindFarmA,21,13_cleaned.csv,Spring,N,600,0.04540295119182747
WindFarmA,21,13_cleaned.csv,Spring,NE,442,0.0334468407113129
WindFarmA,21,13_cleaned.csv,Spring,NW,1455,0.11010215664018161
WindFarmA,21,13_cleaned.csv,Spring,S,844,0.0638668180098373
WindFarmA,21,13_cleaned.csv,Spring,SE,1745,0.13204691638289823
WindFarmA,21,13_cleaned.csv,Spring,SW,1287,0.09738933030646992
WindFarmA,21,13_cleaned.csv,Spring,W,2214,0.16753688989784335
WindFarmA,21,13_cleaned.csv,Summer,E,4766,0.4143987479349622
WindFarmA,21,13_cleaned.csv,Summer,N,245,0.02130249543517955
WindFarmA,21,13_cleaned.csv,Summer,NE,384,0.033388401008607946
WindFarmA,21,13_cleaned.csv,Summer,NW,1149,0.09990435614294409
WindFarmA,21,13_cleaned.csv,Summer,S,728,0.06329884357881924
WindFarmA,21,13_cleaned.csv,Summer,SE,1313,0.1141639857403704
WindFarmA,21,13_cleaned.csv,Summer,SW,865,0.0752108512303278
WindFarmA,21,13_cleaned.csv,Summer,W,2051,0.1783323189287888
WindFarmA,21,13_cleaned.csv,Winter,E,4988,0.3848765432098765
WindFarmA,21,13_cleaned.csv,Winter,N,982,0.0757716049382716
WindFarmA,21,13_cleaned.csv,Winter,NE,1014,0.07824074074074074
WindFarmA,21,13_cleaned.csv,Winter,NW,1625,0.1253858024691358
WindFarmA,21,13_cleaned.csv,Winter,S,443,0.0341820987654321
WindFarmA,21,13_cleaned.csv,Winter,SE,1706,0.1316358024691358
WindFarmA,21,13_cleaned.csv,Winter,SW,808,0.06234567901234568
WindFarmA,21,13_cleaned.csv,Winter,W,1394,0.10756172839506173

==> WindFarmA_14_cleaned_direction_summary.csv <==
WindFarmA,13,14_cleaned.csv,Fall,E,4231,0.3237184391736802
WindFarmA,13,14_cleaned.csv,Fall,N,628,0.04804896710022953
WindFarmA,13,14_cleaned.csv,Fall,NE,530,0.04055087987758225
WindFarmA,13,14_cleaned.csv,Fall,NW,1433,0.10964039785768936
WindFarmA,13,14_cleaned.csv,Fall,S,1216,0.09303749043611324
WindFarmA,13,14_cleaned.csv,Fall,SE,2162,0.16541698546289213
WindFarmA,13,14_cleaned.csv,Fall,SW,1423,0.1088752869166029
WindFarmA,13,14_cleaned.csv,Fall,W,1447,0.1107115531752104
WindFarmA,13,14_cleaned.csv,Spring,E,1552,0.11746007719670022
WindFarmA,13,14_cleaned.csv,Spring,N,1047,0.07924014228411413
WindFarmA,13,14_cleaned.csv,Spring,NE,448,0.033906001665026865
WindFarmA,13,14_cleaned.csv,Spring,NW,2401,0.18171497767350336
WindFarmA,13,14_cleaned.csv,Spring,S,1233,0.09331718761825475
WindFarmA,13,14_cleaned.csv,Spring,SE,1301,0.09846363429955347
WindFarmA,13,14_cleaned.csv,Spring,SW,2135,0.16158328918489367
WindFarmA,13,14_cleaned.csv,Spring,W,3096,0.23431469007795352
WindFarmA,13,14_cleaned.csv,Summer,E,4833,0.370231346713651
WindFarmA,13,14_cleaned.csv,Summer,N,382,0.029263061130687912
WindFarmA,13,14_cleaned.csv,Summer,NE,385,0.029492875746897504
WindFarmA,13,14_cleaned.csv,Summer,NW,1542,0.11812471273172974
WindFarmA,13,14_cleaned.csv,Summer,S,869,0.0665696338287115
WindFarmA,13,14_cleaned.csv,Summer,SE,2111,0.16171288493948216
WindFarmA,13,14_cleaned.csv,Summer,SW,992,0.07599203309330474
WindFarmA,13,14_cleaned.csv,Summer,W,1940,0.14861345181553548
WindFarmA,13,14_cleaned.csv,Winter,E,4056,0.31298711320317923
WindFarmA,13,14_cleaned.csv,Winter,N,1164,0.0898217455050544
WindFarmA,13,14_cleaned.csv,Winter,NE,903,0.06968130256964272
WindFarmA,13,14_cleaned.csv,Winter,NW,1795,0.13851377421097308
WindFarmA,13,14_cleaned.csv,Winter,S,539,0.04159271548730612
WindFarmA,13,14_cleaned.csv,Winter,SE,2329,0.1797206574581372
WindFarmA,13,14_cleaned.csv,Winter,SW,869,0.06705764333667721
WindFarmA,13,14_cleaned.csv,Winter,W,1304,0.10062504822903001

==> WindFarmA_17_cleaned_direction_summary.csv <==
WindFarmA,10,17_cleaned.csv,Fall,E,5153,0.39435218489324253
WindFarmA,10,17_cleaned.csv,Fall,N,715,0.054717991887962045
WindFarmA,10,17_cleaned.csv,Fall,NE,414,0.03168286523302977
WindFarmA,10,17_cleaned.csv,Fall,NW,1299,0.09941072931812964
WindFarmA,10,17_cleaned.csv,Fall,S,629,0.04813652712940997
WindFarmA,10,17_cleaned.csv,Fall,SE,2467,0.18879620417846482
WindFarmA,10,17_cleaned.csv,Fall,SW,760,0.058161781587204406
WindFarmA,10,17_cleaned.csv,Fall,W,1630,0.12474171577255683
WindFarmA,10,17_cleaned.csv,Spring,E,3985,0.3009364144389065
WindFarmA,10,17_cleaned.csv,Spring,N,662,0.04999244827065398
WindFarmA,10,17_cleaned.csv,Spring,NE,417,0.03149071137290439
WindFarmA,10,17_cleaned.csv,Spring,NW,1213,0.0916024769672255
WindFarmA,10,17_cleaned.csv,Spring,S,825,0.06230176710466697
WindFarmA,10,17_cleaned.csv,Spring,SE,2927,0.22103911795801237
WindFarmA,10,17_cleaned.csv,Spring,SW,1450,0.10950007551729346
WindFarmA,10,17_cleaned.csv,Spring,W,1763,0.1331369883703368
WindFarmA,10,17_cleaned.csv,Summer,E,4176,0.319046527618611
WindFarmA,10,17_cleaned.csv,Summer,N,478,0.03651921460768584
WindFarmA,10,17_cleaned.csv,Summer,NE,387,0.029566811826724732
WindFarmA,10,17_cleaned.csv,Summer,NW,1478,0.11291924516769807
WindFarmA,10,17_cleaned.csv,Summer,S,886,0.06769042707617083
WindFarmA,10,17_cleaned.csv,Summer,SE,2216,0.1693024677209871
WindFarmA,10,17_cleaned.csv,Summer,SW,1301,0.0993964397585759
WindFarmA,10,17_cleaned.csv,Summer,W,2167,0.16555886622354649
WindFarmA,10,17_cleaned.csv,Winter,E,3654,0.28301448377352645
WindFarmA,10,17_cleaned.csv,Winter,N,1167,0.09038804120517388
WindFarmA,10,17_cleaned.csv,Winter,NE,916,0.07094725427929673
WindFarmA,10,17_cleaned.csv,Winter,NW,1671,0.1294245217256603
WindFarmA,10,17_cleaned.csv,Winter,S,594,0.04600728061343041
WindFarmA,10,17_cleaned.csv,Winter,SE,2884,0.2233754163116722
WindFarmA,10,17_cleaned.csv,Winter,SW,819,0.0634342808457904
WindFarmA,10,17_cleaned.csv,Winter,W,1206,0.09340872124544962

==> WindFarmA_22_cleaned_direction_summary.csv <==
WindFarmA,21,22_cleaned.csv,Fall,E,4847,0.380127048858913
WindFarmA,21,22_cleaned.csv,Fall,N,514,0.040310563877342956
WindFarmA,21,22_cleaned.csv,Fall,NE,514,0.040310563877342956
WindFarmA,21,22_cleaned.csv,Fall,NW,1240,0.09724727472355109
WindFarmA,21,22_cleaned.csv,Fall,S,1085,0.0850913653831072
WindFarmA,21,22_cleaned.csv,Fall,SE,1613,0.12649988236216766
WindFarmA,21,22_cleaned.csv,Fall,SW,1227,0.09622774684338484
WindFarmA,21,22_cleaned.csv,Fall,W,1711,0.13418555407419025
WindFarmA,21,22_cleaned.csv,Spring,E,5416,0.40906344410876133
WindFarmA,21,22_cleaned.csv,Spring,N,553,0.04176737160120846
WindFarmA,21,22_cleaned.csv,Spring,NE,431,0.03255287009063444
WindFarmA,21,22_cleaned.csv,Spring,NW,1095,0.08270392749244714
WindFarmA,21,22_cleaned.csv,Spring,S,818,0.06178247734138973
WindFarmA,21,22_cleaned.csv,Spring,SE,1708,0.12900302114803625
WindFarmA,21,22_cleaned.csv,Spring,SW,1468,0.1108761329305136
WindFarmA,21,22_cleaned.csv,Spring,W,1751,0.13225075528700905
WindFarmA,21,22_cleaned.csv,Summer,E,5014,0.38757053412692277
WindFarmA,21,22_cleaned.csv,Summer,N,318,0.024580660122130324
WindFarmA,21,22_cleaned.csv,Summer,NE,529,0.04089046919687717
WindFarmA,21,22_cleaned.csv,Summer,NW,1090,0.08425446394063539
WindFarmA,21,22_cleaned.csv,Summer,S,1048,0.08100796166035402
WindFarmA,21,22_cleaned.csv,Summer,SE,1205,0.09314369637473913
WindFarmA,21,22_cleaned.csv,Summer,SW,1252,0.09677668702172064
WindFarmA,21,22_cleaned.csv,Summer,W,2481,0.19177552755662056
WindFarmA,21,22_cleaned.csv,Winter,E,4988,0.3848765432098765
WindFarmA,21,22_cleaned.csv,Winter,N,982,0.0757716049382716
WindFarmA,21,22_cleaned.csv,Winter,NE,1014,0.07824074074074074
WindFarmA,21,22_cleaned.csv,Winter,NW,1625,0.1253858024691358
WindFarmA,21,22_cleaned.csv,Winter,S,443,0.0341820987654321
WindFarmA,21,22_cleaned.csv,Winter,SE,1706,0.1316358024691358
WindFarmA,21,22_cleaned.csv,Winter,SW,808,0.06234567901234568
WindFarmA,21,22_cleaned.csv,Winter,W,1394,0.10756172839506173

==> WindFarmA_24_cleaned_direction_summary.csv <==
WindFarmA,0,24_cleaned.csv,Fall,E,4997,0.3836468330134357
WindFarmA,0,24_cleaned.csv,Fall,N,544,0.041765834932821495
WindFarmA,0,24_cleaned.csv,Fall,NE,550,0.04222648752399232
WindFarmA,0,24_cleaned.csv,Fall,NW,1311,0.10065259117082534
WindFarmA,0,24_cleaned.csv,Fall,S,1135,0.08714011516314779
WindFarmA,0,24_cleaned.csv,Fall,SE,1594,0.12238003838771593
WindFarmA,0,24_cleaned.csv,Fall,SW,1276,0.09796545105566219
WindFarmA,0,24_cleaned.csv,Fall,W,1618,0.12422264875239923
WindFarmA,0,24_cleaned.csv,Spring,E,4633,0.35053340394945903
WindFarmA,0,24_cleaned.csv,Spring,N,619,0.04683362336384959
WindFarmA,0,24_cleaned.csv,Spring,NE,541,0.04093213285919649
WindFarmA,0,24_cleaned.csv,Spring,NW,1529,0.11568434591813573
WindFarmA,0,24_cleaned.csv,Spring,S,944,0.0714231671332375
WindFarmA,0,24_cleaned.csv,Spring,SE,1672,0.1265037451766664
WindFarmA,0,24_cleaned.csv,Spring,SW,1187,0.08980857985927215
WindFarmA,0,24_cleaned.csv,Spring,W,2092,0.15828100174018309
WindFarmA,0,24_cleaned.csv,Summer,E,5553,0.4239902267694892
WindFarmA,0,24_cleaned.csv,Summer,N,290,0.022142475376040315
WindFarmA,0,24_cleaned.csv,Summer,NE,414,0.03161029243338169
WindFarmA,0,24_cleaned.csv,Summer,NW,1300,0.09925937237535314
WindFarmA,0,24_cleaned.csv,Summer,S,806,0.06154081087271894
WindFarmA,0,24_cleaned.csv,Summer,SE,1553,0.11857677330686417
WindFarmA,0,24_cleaned.csv,Summer,SW,925,0.07062686111323203
WindFarmA,0,24_cleaned.csv,Summer,W,2256,0.1722531877529205
WindFarmA,0,24_cleaned.csv,Winter,E,4565,0.3525096525096525
WindFarmA,0,24_cleaned.csv,Winter,N,1023,0.078996138996139
WindFarmA,0,24_cleaned.csv,Winter,NE,1026,0.07922779922779923
WindFarmA,0,24_cleaned.csv,Winter,NW,1716,0.13250965250965252
WindFarmA,0,24_cleaned.csv,Winter,S,525,0.04054054054054054
WindFarmA,0,24_cleaned.csv,Winter,SE,1939,0.14972972972972973
WindFarmA,0,24_cleaned.csv,Winter,SW,859,0.06633204633204633
WindFarmA,0,24_cleaned.csv,Winter,W,1297,0.10015444015444015

==> WindFarmA_25_cleaned_direction_summary.csv <==
WindFarmA,11,25_cleaned.csv,Fall,E,3425,0.2624521072796935
WindFarmA,11,25_cleaned.csv,Fall,N,872,0.06681992337164751
WindFarmA,11,25_cleaned.csv,Fall,NE,304,0.023295019157088124
WindFarmA,11,25_cleaned.csv,Fall,NW,1231,0.09432950191570881
WindFarmA,11,25_cleaned.csv,Fall,S,1100,0.0842911877394636
WindFarmA,11,25_cleaned.csv,Fall,SE,3259,0.2497318007662835
WindFarmA,11,25_cleaned.csv,Fall,SW,1176,0.09011494252873563
WindFarmA,11,25_cleaned.csv,Fall,W,1683,0.1289655172413793
WindFarmA,11,25_cleaned.csv,Spring,E,3100,0.234617422235677
WindFarmA,11,25_cleaned.csv,Spring,N,1008,0.07628850374631045
WindFarmA,11,25_cleaned.csv,Spring,NE,362,0.0273972602739726
WindFarmA,11,25_cleaned.csv,Spring,NW,1405,0.10633467040036328
WindFarmA,11,25_cleaned.csv,Spring,S,663,0.05017785514266253
WindFarmA,11,25_cleaned.csv,Spring,SE,3479,0.2633012941799743
WindFarmA,11,25_cleaned.csv,Spring,SW,1012,0.07659123590403391
WindFarmA,11,25_cleaned.csv,Spring,W,2184,0.16529175811700597
WindFarmA,11,25_cleaned.csv,Summer,E,3780,0.2893004745140058
WindFarmA,11,25_cleaned.csv,Summer,N,405,0.03099647941221491
WindFarmA,11,25_cleaned.csv,Summer,NE,247,0.018904025715597735
WindFarmA,11,25_cleaned.csv,Summer,NW,1605,0.12283789989285168
WindFarmA,11,25_cleaned.csv,Summer,S,739,0.05655900811265881
WindFarmA,11,25_cleaned.csv,Summer,SE,3417,0.2615184448186132
WindFarmA,11,25_cleaned.csv,Summer,SW,696,0.053268023878769326
WindFarmA,11,25_cleaned.csv,Summer,W,2177,0.16661564365528853
WindFarmA,11,25_cleaned.csv,Winter,E,3297,0.25439814814814815
WindFarmA,11,25_cleaned.csv,Winter,N,1311,0.1011574074074074
WindFarmA,11,25_cleaned.csv,Winter,NE,804,0.062037037037037036
WindFarmA,11,25_cleaned.csv,Winter,NW,1534,0.1183641975308642
WindFarmA,11,25_cleaned.csv,Winter,S,678,0.052314814814814814
WindFarmA,11,25_cleaned.csv,Winter,SE,3493,0.2695216049382716
WindFarmA,11,25_cleaned.csv,Winter,SW,657,0.050694444444444445
WindFarmA,11,25_cleaned.csv,Winter,W,1186,0.09151234567901234

==> WindFarmA_26_cleaned_direction_summary.csv <==
WindFarmA,0,26_cleaned.csv,Fall,E,6073,0.46586376189015033
WindFarmA,0,26_cleaned.csv,Fall,N,505,0.03873887695612151
WindFarmA,0,26_cleaned.csv,Fall,NE,527,0.040426511199754524
WindFarmA,0,26_cleaned.csv,Fall,NW,1213,0.09305001534212949
WindFarmA,0,26_cleaned.csv,Fall,S,853,0.0654341822644983
WindFarmA,0,26_cleaned.csv,Fall,SE,1373,0.10532371893218778
WindFarmA,0,26_cleaned.csv,Fall,SW,823,0.06313286284136238
WindFarmA,0,26_cleaned.csv,Fall,W,1669,0.12803007057379565
WindFarmA,0,26_cleaned.csv,Spring,E,5054,0.3816932255871913
WindFarmA,0,26_cleaned.csv,Spring,N,567,0.042821539158673816
WindFarmA,0,26_cleaned.csv,Spring,NE,472,0.03564685446718526
WindFarmA,0,26_cleaned.csv,Spring,NW,1208,0.09123178007703346
WindFarmA,0,26_cleaned.csv,Spring,S,900,0.06797069707726003
WindFarmA,0,26_cleaned.csv,Spring,SE,1910,0.14424892379729629
WindFarmA,0,26_cleaned.csv,Spring,SW,1395,0.10535458046975305
WindFarmA,0,26_cleaned.csv,Spring,W,1735,0.13103239936560682
WindFarmA,0,26_cleaned.csv,Summer,E,4877,0.37417523400337577
WindFarmA,0,26_cleaned.csv,Summer,N,387,0.02969157587847169
WindFarmA,0,26_cleaned.csv,Summer,NE,466,0.035752646923431025
WindFarmA,0,26_cleaned.csv,Summer,NW,1348,0.10342181985576185
WindFarmA,0,26_cleaned.csv,Summer,S,931,0.07142857142857142
WindFarmA,0,26_cleaned.csv,Summer,SE,1589,0.12191192266380237
WindFarmA,0,26_cleaned.csv,Summer,SW,1128,0.08654288783182446
WindFarmA,0,26_cleaned.csv,Summer,W,2308,0.1770753414147614
WindFarmA,0,26_cleaned.csv,Winter,E,4565,0.3525096525096525
WindFarmA,0,26_cleaned.csv,Winter,N,1023,0.078996138996139
WindFarmA,0,26_cleaned.csv,Winter,NE,1026,0.07922779922779923
WindFarmA,0,26_cleaned.csv,Winter,NW,1716,0.13250965250965252
WindFarmA,0,26_cleaned.csv,Winter,S,525,0.04054054054054054
WindFarmA,0,26_cleaned.csv,Winter,SE,1939,0.14972972972972973
WindFarmA,0,26_cleaned.csv,Winter,SW,859,0.06633204633204633
WindFarmA,0,26_cleaned.csv,Winter,W,1297,0.10015444015444015

==> WindFarmA_38_cleaned_direction_summary.csv <==
WindFarmA,13,38_cleaned.csv,Fall,E,4231,0.3237184391736802
WindFarmA,13,38_cleaned.csv,Fall,N,628,0.04804896710022953
WindFarmA,13,38_cleaned.csv,Fall,NE,530,0.04055087987758225
WindFarmA,13,38_cleaned.csv,Fall,NW,1433,0.10964039785768936
WindFarmA,13,38_cleaned.csv,Fall,S,1216,0.09303749043611324
WindFarmA,13,38_cleaned.csv,Fall,SE,2162,0.16541698546289213
WindFarmA,13,38_cleaned.csv,Fall,SW,1423,0.1088752869166029
WindFarmA,13,38_cleaned.csv,Fall,W,1447,0.1107115531752104
WindFarmA,13,38_cleaned.csv,Spring,E,4576,0.34622077627298176
WindFarmA,13,38_cleaned.csv,Spring,N,669,0.050616630097601575
WindFarmA,13,38_cleaned.csv,Spring,NE,456,0.034501021411818114
WindFarmA,13,38_cleaned.csv,Spring,NW,1250,0.09457516834379966
WindFarmA,13,38_cleaned.csv,Spring,S,871,0.0658999773019596
WindFarmA,13,38_cleaned.csv,Spring,SE,2285,0.17288340773246577
WindFarmA,13,38_cleaned.csv,Spring,SW,1557,0.11780282968903685
WindFarmA,13,38_cleaned.csv,Spring,W,1553,0.11750018915033669
WindFarmA,13,38_cleaned.csv,Summer,E,4990,0.38252203909543886
WindFarmA,13,38_cleaned.csv,Summer,N,435,0.03334610962054427
WindFarmA,13,38_cleaned.csv,Summer,NE,328,0.025143733231123035
WindFarmA,13,38_cleaned.csv,Summer,NW,1384,0.10609428899961672
WindFarmA,13,38_cleaned.csv,Summer,S,764,0.05856650057493292
WindFarmA,13,38_cleaned.csv,Summer,SE,2361,0.1809888846301265
WindFarmA,13,38_cleaned.csv,Summer,SW,987,0.07566117286316597
WindFarmA,13,38_cleaned.csv,Summer,W,1796,0.13767727098505175
WindFarmA,13,38_cleaned.csv,Winter,E,4056,0.31298711320317923
WindFarmA,13,38_cleaned.csv,Winter,N,1164,0.0898217455050544
WindFarmA,13,38_cleaned.csv,Winter,NE,903,0.06968130256964272
WindFarmA,13,38_cleaned.csv,Winter,NW,1795,0.13851377421097308
WindFarmA,13,38_cleaned.csv,Winter,S,539,0.04159271548730612
WindFarmA,13,38_cleaned.csv,Winter,SE,2329,0.1797206574581372
WindFarmA,13,38_cleaned.csv,Winter,SW,869,0.06705764333667721
WindFarmA,13,38_cleaned.csv,Winter,W,1304,0.10062504822903001

==> WindFarmA_3_cleaned_direction_summary.csv <==
WindFarmA,10,3_cleaned.csv,Fall,E,4032,0.3094635044899839
WindFarmA,10,3_cleaned.csv,Fall,N,728,0.0558753549773582
WindFarmA,10,3_cleaned.csv,Fall,NE,429,0.032926548468800367
WindFarmA,10,3_cleaned.csv,Fall,NW,1266,0.09716785632051578
WindFarmA,10,3_cleaned.csv,Fall,S,1121,0.08603883644178371
WindFarmA,10,3_cleaned.csv,Fall,SE,2481,0.19042136771816717
WindFarmA,10,3_cleaned.csv,Fall,SW,1412,0.10837362806048047
WindFarmA,10,3_cleaned.csv,Fall,W,1560,0.11973290352291042
WindFarmA,10,3_cleaned.csv,Spring,E,3494,0.264576707557171
WindFarmA,10,3_cleaned.csv,Spring,N,694,0.05255187036195669
WindFarmA,10,3_cleaned.csv,Spring,NE,423,0.032030895047705586
WindFarmA,10,3_cleaned.csv,Spring,NW,1570,0.1188853551416023
WindFarmA,10,3_cleaned.csv,Spring,S,908,0.06875662577616234
WindFarmA,10,3_cleaned.csv,Spring,SE,2630,0.19915190065121915
WindFarmA,10,3_cleaned.csv,Spring,SW,1302,0.09859154929577464
WindFarmA,10,3_cleaned.csv,Spring,W,2185,0.1654550961684083
WindFarmA,10,3_cleaned.csv,Summer,E,4496,0.3448117186900836
WindFarmA,10,3_cleaned.csv,Summer,N,342,0.02622900529181686
WindFarmA,10,3_cleaned.csv,Summer,NE,373,0.028606488227624818
WindFarmA,10,3_cleaned.csv,Summer,NW,1634,0.12531635861645832
WindFarmA,10,3_cleaned.csv,Summer,S,762,0.058440064422118264
WindFarmA,10,3_cleaned.csv,Summer,SE,2486,0.1906587928522126
WindFarmA,10,3_cleaned.csv,Summer,SW,1011,0.07753662090651124
WindFarmA,10,3_cleaned.csv,Summer,W,1935,0.14840095099317432
WindFarmA,10,3_cleaned.csv,Winter,E,3654,0.28301448377352645
WindFarmA,10,3_cleaned.csv,Winter,N,1167,0.09038804120517388
WindFarmA,10,3_cleaned.csv,Winter,NE,916,0.07094725427929673
WindFarmA,10,3_cleaned.csv,Winter,NW,1671,0.1294245217256603
WindFarmA,10,3_cleaned.csv,Winter,S,594,0.04600728061343041
WindFarmA,10,3_cleaned.csv,Winter,SE,2884,0.2233754163116722
WindFarmA,10,3_cleaned.csv,Winter,SW,819,0.0634342808457904
WindFarmA,10,3_cleaned.csv,Winter,W,1206,0.09340872124544962

==> WindFarmA_40_cleaned_direction_summary.csv <==
WindFarmA,10,40_cleaned.csv,Fall,E,3993,0.3082921556516368
WindFarmA,10,40_cleaned.csv,Fall,N,733,0.056593576281655344
WindFarmA,10,40_cleaned.csv,Fall,NE,431,0.03327671402100062
WindFarmA,10,40_cleaned.csv,Fall,NW,1269,0.09797714638665843
WindFarmA,10,40_cleaned.csv,Fall,S,1151,0.08886658431130327
WindFarmA,10,40_cleaned.csv,Fall,SE,2392,0.18468190240889437
WindFarmA,10,40_cleaned.csv,Fall,SW,1423,0.10986720197652872
WindFarmA,10,40_cleaned.csv,Fall,W,1560,0.12044471896232242
WindFarmA,10,40_cleaned.csv,Spring,E,1421,0.10765967118721115
WindFarmA,10,40_cleaned.csv,Spring,N,1057,0.0800818243806349
WindFarmA,10,40_cleaned.csv,Spring,NE,458,0.03469959845442837
WindFarmA,10,40_cleaned.csv,Spring,NW,2528,0.19152966133798016
WindFarmA,10,40_cleaned.csv,Spring,S,1030,0.07803621486476248
WindFarmA,10,40_cleaned.csv,Spring,SE,1456,0.11031138722630503
WindFarmA,10,40_cleaned.csv,Spring,SW,1993,0.15099628759754527
WindFarmA,10,40_cleaned.csv,Spring,W,3256,0.24668535495113267
WindFarmA,10,40_cleaned.csv,Summer,E,4498,0.34293992070753276
WindFarmA,10,40_cleaned.csv,Summer,N,386,0.029429704178103082
WindFarmA,10,40_cleaned.csv,Summer,NE,390,0.029734675205855442
WindFarmA,10,40_cleaned.csv,Summer,NW,1650,0.12580054894784995
WindFarmA,10,40_cleaned.csv,Summer,S,737,0.05619091186337298
WindFarmA,10,40_cleaned.csv,Summer,SE,2487,0.18961573650503202
WindFarmA,10,40_cleaned.csv,Summer,SW,1015,0.07738639829216225
WindFarmA,10,40_cleaned.csv,Summer,W,1953,0.1489021043000915
WindFarmA,10,40_cleaned.csv,Winter,E,2754,0.23042168674698796
WindFarmA,10,40_cleaned.csv,Winter,N,1088,0.09103078982597054
WindFarmA,10,40_cleaned.csv,Winter,NE,870,0.07279116465863454
WindFarmA,10,40_cleaned.csv,Winter,NW,1807,0.15118808567603748
WindFarmA,10,40_cleaned.csv,Winter,S,299,0.02501673360107095
WindFarmA,10,40_cleaned.csv,Winter,SE,1939,0.16223226238286478
WindFarmA,10,40_cleaned.csv,Winter,SW,1151,0.09630187416331995
WindFarmA,10,40_cleaned.csv,Winter,W,2044,0.17101740294511378

==> WindFarmA_42_cleaned_direction_summary.csv <==
WindFarmA,10,42_cleaned.csv,Fall,E,4193,0.3210320802388791
WindFarmA,10,42_cleaned.csv,Fall,N,717,0.05489625602940051
WindFarmA,10,42_cleaned.csv,Fall,NE,420,0.032156802695046324
WindFarmA,10,42_cleaned.csv,Fall,NW,1279,0.0979251205880101
WindFarmA,10,42_cleaned.csv,Fall,S,1095,0.0838373784549422
WindFarmA,10,42_cleaned.csv,Fall,SE,2420,0.1852844345762193
WindFarmA,10,42_cleaned.csv,Fall,SW,1343,0.10282520480820764
WindFarmA,10,42_cleaned.csv,Fall,W,1594,0.12204272260929484
WindFarmA,10,42_cleaned.csv,Spring,E,3985,0.3009364144389065
WindFarmA,10,42_cleaned.csv,Spring,N,662,0.04999244827065398
WindFarmA,10,42_cleaned.csv,Spring,NE,417,0.03149071137290439
WindFarmA,10,42_cleaned.csv,Spring,NW,1213,0.0916024769672255
WindFarmA,10,42_cleaned.csv,Spring,S,825,0.06230176710466697
WindFarmA,10,42_cleaned.csv,Spring,SE,2927,0.22103911795801237
WindFarmA,10,42_cleaned.csv,Spring,SW,1450,0.10950007551729346
WindFarmA,10,42_cleaned.csv,Spring,W,1763,0.1331369883703368
WindFarmA,10,42_cleaned.csv,Summer,E,4176,0.319046527618611
WindFarmA,10,42_cleaned.csv,Summer,N,478,0.03651921460768584
WindFarmA,10,42_cleaned.csv,Summer,NE,387,0.029566811826724732
WindFarmA,10,42_cleaned.csv,Summer,NW,1478,0.11291924516769807
WindFarmA,10,42_cleaned.csv,Summer,S,886,0.06769042707617083
WindFarmA,10,42_cleaned.csv,Summer,SE,2216,0.1693024677209871
WindFarmA,10,42_cleaned.csv,Summer,SW,1301,0.0993964397585759
WindFarmA,10,42_cleaned.csv,Summer,W,2167,0.16555886622354649
WindFarmA,10,42_cleaned.csv,Winter,E,3654,0.28301448377352645
WindFarmA,10,42_cleaned.csv,Winter,N,1167,0.09038804120517388
WindFarmA,10,42_cleaned.csv,Winter,NE,916,0.07094725427929673
WindFarmA,10,42_cleaned.csv,Winter,NW,1671,0.1294245217256603
WindFarmA,10,42_cleaned.csv,Winter,S,594,0.04600728061343041
WindFarmA,10,42_cleaned.csv,Winter,SE,2884,0.2233754163116722
WindFarmA,10,42_cleaned.csv,Winter,SW,819,0.0634342808457904
WindFarmA,10,42_cleaned.csv,Winter,W,1206,0.09340872124544962

==> WindFarmA_45_cleaned_direction_summary.csv <==
WindFarmA,13,45_cleaned.csv,Fall,E,4231,0.3237184391736802
WindFarmA,13,45_cleaned.csv,Fall,N,628,0.04804896710022953
WindFarmA,13,45_cleaned.csv,Fall,NE,530,0.04055087987758225
WindFarmA,13,45_cleaned.csv,Fall,NW,1433,0.10964039785768936
WindFarmA,13,45_cleaned.csv,Fall,S,1216,0.09303749043611324
WindFarmA,13,45_cleaned.csv,Fall,SE,2162,0.16541698546289213
WindFarmA,13,45_cleaned.csv,Fall,SW,1423,0.1088752869166029
WindFarmA,13,45_cleaned.csv,Fall,W,1447,0.1107115531752104
WindFarmA,13,45_cleaned.csv,Spring,E,3443,0.2605175544794189
WindFarmA,13,45_cleaned.csv,Spring,N,863,0.06529963680387409
WindFarmA,13,45_cleaned.csv,Spring,NE,540,0.040859564164648914
WindFarmA,13,45_cleaned.csv,Spring,NW,1779,0.13460956416464892
WindFarmA,13,45_cleaned.csv,Spring,S,1030,0.07793583535108958
WindFarmA,13,45_cleaned.csv,Spring,SE,1958,0.1481537530266344
WindFarmA,13,45_cleaned.csv,Spring,SW,1470,0.11122881355932203
WindFarmA,13,45_cleaned.csv,Spring,W,2133,0.1613952784503632
WindFarmA,13,45_cleaned.csv,Summer,E,4833,0.370231346713651
WindFarmA,13,45_cleaned.csv,Summer,N,382,0.029263061130687912
WindFarmA,13,45_cleaned.csv,Summer,NE,385,0.029492875746897504
WindFarmA,13,45_cleaned.csv,Summer,NW,1542,0.11812471273172974
WindFarmA,13,45_cleaned.csv,Summer,S,869,0.0665696338287115
WindFarmA,13,45_cleaned.csv,Summer,SE,2111,0.16171288493948216
WindFarmA,13,45_cleaned.csv,Summer,SW,992,0.07599203309330474
WindFarmA,13,45_cleaned.csv,Summer,W,1940,0.14861345181553548
WindFarmA,13,45_cleaned.csv,Winter,E,4056,0.31298711320317923
WindFarmA,13,45_cleaned.csv,Winter,N,1164,0.0898217455050544
WindFarmA,13,45_cleaned.csv,Winter,NE,903,0.06968130256964272
WindFarmA,13,45_cleaned.csv,Winter,NW,1795,0.13851377421097308
WindFarmA,13,45_cleaned.csv,Winter,S,539,0.04159271548730612
WindFarmA,13,45_cleaned.csv,Winter,SE,2329,0.1797206574581372
WindFarmA,13,45_cleaned.csv,Winter,SW,869,0.06705764333667721
WindFarmA,13,45_cleaned.csv,Winter,W,1304,0.10062504822903001

==> WindFarmA_51_cleaned_direction_summary.csv <==
WindFarmA,21,51_cleaned.csv,Fall,E,5367,0.42038066891203885
WindFarmA,21,51_cleaned.csv,Fall,N,470,0.036813660217748886
WindFarmA,21,51_cleaned.csv,Fall,NE,551,0.04315814208506305
WindFarmA,21,51_cleaned.csv,Fall,NW,1164,0.09117255424140362
WindFarmA,21,51_cleaned.csv,Fall,S,905,0.07088587765332498
WindFarmA,21,51_cleaned.csv,Fall,SE,1283,0.1004934597007911
WindFarmA,21,51_cleaned.csv,Fall,SW,1187,0.0929740737839743
WindFarmA,21,51_cleaned.csv,Fall,W,1840,0.1441215634056552
WindFarmA,21,51_cleaned.csv,Spring,E,5416,0.40906344410876133
WindFarmA,21,51_cleaned.csv,Spring,N,553,0.04176737160120846
WindFarmA,21,51_cleaned.csv,Spring,NE,431,0.03255287009063444
WindFarmA,21,51_cleaned.csv,Spring,NW,1095,0.08270392749244714
WindFarmA,21,51_cleaned.csv,Spring,S,818,0.06178247734138973
WindFarmA,21,51_cleaned.csv,Spring,SE,1708,0.12900302114803625
WindFarmA,21,51_cleaned.csv,Spring,SW,1468,0.1108761329305136
WindFarmA,21,51_cleaned.csv,Spring,W,1751,0.13225075528700905
WindFarmA,21,51_cleaned.csv,Summer,E,5453,0.4170235546038544
WindFarmA,21,51_cleaned.csv,Summer,N,335,0.025619455490975832
WindFarmA,21,51_cleaned.csv,Summer,NE,563,0.04305598042214744
WindFarmA,21,51_cleaned.csv,Summer,NW,1054,0.08060568981339859
WindFarmA,21,51_cleaned.csv,Summer,S,934,0.07142857142857142
WindFarmA,21,51_cleaned.csv,Summer,SE,1094,0.08366472927500765
WindFarmA,21,51_cleaned.csv,Summer,SW,1279,0.09781278678494952
WindFarmA,21,51_cleaned.csv,Summer,W,2364,0.18078923218109513
WindFarmA,21,51_cleaned.csv,Winter,E,4988,0.3848765432098765
WindFarmA,21,51_cleaned.csv,Winter,N,982,0.0757716049382716
WindFarmA,21,51_cleaned.csv,Winter,NE,1014,0.07824074074074074
WindFarmA,21,51_cleaned.csv,Winter,NW,1625,0.1253858024691358
WindFarmA,21,51_cleaned.csv,Winter,S,443,0.0341820987654321
WindFarmA,21,51_cleaned.csv,Winter,SE,1706,0.1316358024691358
WindFarmA,21,51_cleaned.csv,Winter,SW,808,0.06234567901234568
WindFarmA,21,51_cleaned.csv,Winter,W,1394,0.10756172839506173

==> WindFarmA_68_cleaned_direction_summary.csv <==
WindFarmA,11,68_cleaned.csv,Fall,E,3425,0.2624521072796935
WindFarmA,11,68_cleaned.csv,Fall,N,872,0.06681992337164751
WindFarmA,11,68_cleaned.csv,Fall,NE,304,0.023295019157088124
WindFarmA,11,68_cleaned.csv,Fall,NW,1231,0.09432950191570881
WindFarmA,11,68_cleaned.csv,Fall,S,1100,0.0842911877394636
WindFarmA,11,68_cleaned.csv,Fall,SE,3259,0.2497318007662835
WindFarmA,11,68_cleaned.csv,Fall,SW,1176,0.09011494252873563
WindFarmA,11,68_cleaned.csv,Fall,W,1683,0.1289655172413793
WindFarmA,11,68_cleaned.csv,Spring,E,3266,0.24718080678120033
WindFarmA,11,68_cleaned.csv,Spring,N,855,0.06470899871338832
WindFarmA,11,68_cleaned.csv,Spring,NE,326,0.024672670854461516
WindFarmA,11,68_cleaned.csv,Spring,NW,1111,0.0840838568076894
WindFarmA,11,68_cleaned.csv,Spring,S,778,0.058881404677211834
WindFarmA,11,68_cleaned.csv,Spring,SE,3761,0.2846439112994778
WindFarmA,11,68_cleaned.csv,Spring,SW,1111,0.0840838568076894
WindFarmA,11,68_cleaned.csv,Spring,W,2005,0.1517444940588814
WindFarmA,11,68_cleaned.csv,Summer,E,3630,0.2827102803738318
WindFarmA,11,68_cleaned.csv,Summer,N,503,0.039174454828660436
WindFarmA,11,68_cleaned.csv,Summer,NE,264,0.020560747663551402
WindFarmA,11,68_cleaned.csv,Summer,NW,1459,0.11362928348909657
WindFarmA,11,68_cleaned.csv,Summer,S,787,0.06129283489096573
WindFarmA,11,68_cleaned.csv,Summer,SE,3303,0.2572429906542056
WindFarmA,11,68_cleaned.csv,Summer,SW,770,0.05996884735202492
WindFarmA,11,68_cleaned.csv,Summer,W,2124,0.16542056074766356
WindFarmA,11,68_cleaned.csv,Winter,E,3297,0.25439814814814815
WindFarmA,11,68_cleaned.csv,Winter,N,1311,0.1011574074074074
WindFarmA,11,68_cleaned.csv,Winter,NE,804,0.062037037037037036
WindFarmA,11,68_cleaned.csv,Winter,NW,1534,0.1183641975308642
WindFarmA,11,68_cleaned.csv,Winter,S,678,0.052314814814814814
WindFarmA,11,68_cleaned.csv,Winter,SE,3493,0.2695216049382716
WindFarmA,11,68_cleaned.csv,Winter,SW,657,0.050694444444444445
WindFarmA,11,68_cleaned.csv,Winter,W,1186,0.09151234567901234

==> WindFarmA_69_cleaned_direction_summary.csv <==
WindFarmA,11,69_cleaned.csv,Fall,E,3479,0.26659003831417627
WindFarmA,11,69_cleaned.csv,Fall,N,872,0.06681992337164751
WindFarmA,11,69_cleaned.csv,Fall,NE,304,0.023295019157088124
WindFarmA,11,69_cleaned.csv,Fall,NW,1231,0.09432950191570881
WindFarmA,11,69_cleaned.csv,Fall,S,1100,0.0842911877394636
WindFarmA,11,69_cleaned.csv,Fall,SE,3205,0.24559386973180078
WindFarmA,11,69_cleaned.csv,Fall,SW,1176,0.09011494252873563
WindFarmA,11,69_cleaned.csv,Fall,W,1683,0.1289655172413793
WindFarmA,11,69_cleaned.csv,Spring,E,3266,0.24718080678120033
WindFarmA,11,69_cleaned.csv,Spring,N,855,0.06470899871338832
WindFarmA,11,69_cleaned.csv,Spring,NE,326,0.024672670854461516
WindFarmA,11,69_cleaned.csv,Spring,NW,1111,0.0840838568076894
WindFarmA,11,69_cleaned.csv,Spring,S,778,0.058881404677211834
WindFarmA,11,69_cleaned.csv,Spring,SE,3761,0.2846439112994778
WindFarmA,11,69_cleaned.csv,Spring,SW,1111,0.0840838568076894
WindFarmA,11,69_cleaned.csv,Spring,W,2005,0.1517444940588814
WindFarmA,11,69_cleaned.csv,Summer,E,3647,0.2806032161267985
WindFarmA,11,69_cleaned.csv,Summer,N,549,0.0422405170423944
WindFarmA,11,69_cleaned.csv,Summer,NE,299,0.023005308917442485
WindFarmA,11,69_cleaned.csv,Summer,NW,1571,0.12087404785719781
WindFarmA,11,69_cleaned.csv,Summer,S,858,0.06601523428483497
WindFarmA,11,69_cleaned.csv,Summer,SE,2866,0.22051242594444873
WindFarmA,11,69_cleaned.csv,Summer,SW,928,0.0714010925598215
WindFarmA,11,69_cleaned.csv,Summer,W,2279,0.17534815726706163
WindFarmA,11,69_cleaned.csv,Winter,E,3297,0.25439814814814815
WindFarmA,11,69_cleaned.csv,Winter,N,1311,0.1011574074074074
WindFarmA,11,69_cleaned.csv,Winter,NE,804,0.062037037037037036
WindFarmA,11,69_cleaned.csv,Winter,NW,1534,0.1183641975308642
WindFarmA,11,69_cleaned.csv,Winter,S,678,0.052314814814814814
WindFarmA,11,69_cleaned.csv,Winter,SE,3493,0.2695216049382716
WindFarmA,11,69_cleaned.csv,Winter,SW,657,0.050694444444444445
WindFarmA,11,69_cleaned.csv,Winter,W,1186,0.09151234567901234

==> WindFarmA_71_cleaned_direction_summary.csv <==
WindFarmA,0,71_cleaned.csv,Fall,E,4918,0.379827000308928
WindFarmA,0,71_cleaned.csv,Fall,N,546,0.04216867469879518
WindFarmA,0,71_cleaned.csv,Fall,NE,553,0.04270929873339512
WindFarmA,0,71_cleaned.csv,Fall,NW,1317,0.10171455050973123
WindFarmA,0,71_cleaned.csv,Fall,S,1159,0.0895118937287612
WindFarmA,0,71_cleaned.csv,Fall,SE,1551,0.11978683966635774
WindFarmA,0,71_cleaned.csv,Fall,SW,1286,0.09932035835650294
WindFarmA,0,71_cleaned.csv,Fall,W,1618,0.12496138399752857
WindFarmA,0,71_cleaned.csv,Spring,E,1829,0.13842427911904942
WindFarmA,0,71_cleaned.csv,Spring,N,888,0.06720653901460683
WindFarmA,0,71_cleaned.csv,Spring,NE,545,0.04124725648982063
WindFarmA,0,71_cleaned.csv,Spring,NW,2310,0.1748278210852948
WindFarmA,0,71_cleaned.csv,Spring,S,1144,0.08658139710890789
WindFarmA,0,71_cleaned.csv,Spring,SE,1242,0.09399833497313252
WindFarmA,0,71_cleaned.csv,Spring,SW,2009,0.15204722621660485
WindFarmA,0,71_cleaned.csv,Spring,W,3246,0.24566714599258307
WindFarmA,0,71_cleaned.csv,Summer,E,5556,0.42173979049643234
WindFarmA,0,71_cleaned.csv,Summer,N,335,0.025428875056930318
WindFarmA,0,71_cleaned.csv,Summer,NE,433,0.032867769849703965
WindFarmA,0,71_cleaned.csv,Summer,NW,1317,0.09996963716411113
WindFarmA,0,71_cleaned.csv,Summer,S,786,0.05966297252163352
WindFarmA,0,71_cleaned.csv,Summer,SE,1544,0.117200546531046
WindFarmA,0,71_cleaned.csv,Summer,SW,931,0.07066950053134963
WindFarmA,0,71_cleaned.csv,Summer,W,2272,0.1724609078487931
WindFarmA,0,71_cleaned.csv,Winter,E,4199,0.3239969135802469
WindFarmA,0,71_cleaned.csv,Winter,N,859,0.06628086419753086
WindFarmA,0,71_cleaned.csv,Winter,NE,975,0.07523148148148148
WindFarmA,0,71_cleaned.csv,Winter,NW,1865,0.14390432098765432
WindFarmA,0,71_cleaned.csv,Winter,S,328,0.025308641975308643
WindFarmA,0,71_cleaned.csv,Winter,SE,1438,0.11095679012345679
WindFarmA,0,71_cleaned.csv,Winter,SW,1281,0.09884259259259259
WindFarmA,0,71_cleaned.csv,Winter,W,2015,0.1554783950617284

==> WindFarmA_72_cleaned_direction_summary.csv <==
WindFarmA,21,72_cleaned.csv,Fall,E,5402,0.4223942450543436
WindFarmA,21,72_cleaned.csv,Fall,N,480,0.037532254281022755
WindFarmA,21,72_cleaned.csv,Fall,NE,561,0.04386582219094534
WindFarmA,21,72_cleaned.csv,Fall,NW,1156,0.0903901790601298
WindFarmA,21,72_cleaned.csv,Fall,S,907,0.07092032215184925
WindFarmA,21,72_cleaned.csv,Fall,SE,1253,0.09797482211275314
WindFarmA,21,72_cleaned.csv,Fall,SW,1190,0.09304871373836891
WindFarmA,21,72_cleaned.csv,Fall,W,1840,0.14387364141058723
WindFarmA,21,72_cleaned.csv,Spring,E,5416,0.40906344410876133
WindFarmA,21,72_cleaned.csv,Spring,N,553,0.04176737160120846
WindFarmA,21,72_cleaned.csv,Spring,NE,431,0.03255287009063444
WindFarmA,21,72_cleaned.csv,Spring,NW,1095,0.08270392749244714
WindFarmA,21,72_cleaned.csv,Spring,S,818,0.06178247734138973
WindFarmA,21,72_cleaned.csv,Spring,SE,1708,0.12900302114803625
WindFarmA,21,72_cleaned.csv,Spring,SW,1468,0.1108761329305136
WindFarmA,21,72_cleaned.csv,Spring,W,1751,0.13225075528700905
WindFarmA,21,72_cleaned.csv,Summer,E,5453,0.4170235546038544
WindFarmA,21,72_cleaned.csv,Summer,N,335,0.025619455490975832
WindFarmA,21,72_cleaned.csv,Summer,NE,563,0.04305598042214744
WindFarmA,21,72_cleaned.csv,Summer,NW,1054,0.08060568981339859
WindFarmA,21,72_cleaned.csv,Summer,S,934,0.07142857142857142
WindFarmA,21,72_cleaned.csv,Summer,SE,1094,0.08366472927500765
WindFarmA,21,72_cleaned.csv,Summer,SW,1279,0.09781278678494952
WindFarmA,21,72_cleaned.csv,Summer,W,2364,0.18078923218109513
WindFarmA,21,72_cleaned.csv,Winter,E,4988,0.3848765432098765
WindFarmA,21,72_cleaned.csv,Winter,N,982,0.0757716049382716
WindFarmA,21,72_cleaned.csv,Winter,NE,1014,0.07824074074074074
WindFarmA,21,72_cleaned.csv,Winter,NW,1625,0.1253858024691358
WindFarmA,21,72_cleaned.csv,Winter,S,443,0.0341820987654321
WindFarmA,21,72_cleaned.csv,Winter,SE,1706,0.1316358024691358
WindFarmA,21,72_cleaned.csv,Winter,SW,808,0.06234567901234568
WindFarmA,21,72_cleaned.csv,Winter,W,1394,0.10756172839506173

==> WindFarmA_73_cleaned_direction_summary.csv <==
WindFarmA,0,73_cleaned.csv,Fall,E,4997,0.3836468330134357
WindFarmA,0,73_cleaned.csv,Fall,N,544,0.041765834932821495
WindFarmA,0,73_cleaned.csv,Fall,NE,550,0.04222648752399232
WindFarmA,0,73_cleaned.csv,Fall,NW,1311,0.10065259117082534
WindFarmA,0,73_cleaned.csv,Fall,S,1135,0.08714011516314779
WindFarmA,0,73_cleaned.csv,Fall,SE,1594,0.12238003838771593
WindFarmA,0,73_cleaned.csv,Fall,SW,1276,0.09796545105566219
WindFarmA,0,73_cleaned.csv,Fall,W,1618,0.12422264875239923
WindFarmA,0,73_cleaned.csv,Spring,E,5054,0.3816932255871913
WindFarmA,0,73_cleaned.csv,Spring,N,567,0.042821539158673816
WindFarmA,0,73_cleaned.csv,Spring,NE,472,0.03564685446718526
WindFarmA,0,73_cleaned.csv,Spring,NW,1208,0.09123178007703346
WindFarmA,0,73_cleaned.csv,Spring,S,900,0.06797069707726003
WindFarmA,0,73_cleaned.csv,Spring,SE,1910,0.14424892379729629
WindFarmA,0,73_cleaned.csv,Spring,SW,1395,0.10535458046975305
WindFarmA,0,73_cleaned.csv,Spring,W,1735,0.13103239936560682
WindFarmA,0,73_cleaned.csv,Summer,E,5507,0.420477972054669
WindFarmA,0,73_cleaned.csv,Summer,N,318,0.02428036955027869
WindFarmA,0,73_cleaned.csv,Summer,NE,388,0.029625104985874628
WindFarmA,0,73_cleaned.csv,Summer,NW,1297,0.09903031228525616
WindFarmA,0,73_cleaned.csv,Summer,S,814,0.06215163777964419
WindFarmA,0,73_cleaned.csv,Summer,SE,1531,0.11689699931281973
WindFarmA,0,73_cleaned.csv,Summer,SW,947,0.07230663510727647
WindFarmA,0,73_cleaned.csv,Summer,W,2295,0.1752309689241811
WindFarmA,0,73_cleaned.csv,Winter,E,4565,0.3525096525096525
WindFarmA,0,73_cleaned.csv,Winter,N,1023,0.078996138996139
WindFarmA,0,73_cleaned.csv,Winter,NE,1026,0.07922779922779923
WindFarmA,0,73_cleaned.csv,Winter,NW,1716,0.13250965250965252
WindFarmA,0,73_cleaned.csv,Winter,S,525,0.04054054054054054
WindFarmA,0,73_cleaned.csv,Winter,SE,1939,0.14972972972972973
WindFarmA,0,73_cleaned.csv,Winter,SW,859,0.06633204633204633
WindFarmA,0,73_cleaned.csv,Winter,W,1297,0.10015444015444015

==> WindFarmA_84_cleaned_direction_summary.csv <==
WindFarmA,13,84_cleaned.csv,Fall,E,4294,0.32853863810252487
WindFarmA,13,84_cleaned.csv,Fall,N,628,0.04804896710022953
WindFarmA,13,84_cleaned.csv,Fall,NE,526,0.040244835501147665
WindFarmA,13,84_cleaned.csv,Fall,NW,1433,0.10964039785768936
WindFarmA,13,84_cleaned.csv,Fall,S,1216,0.09303749043611324
WindFarmA,13,84_cleaned.csv,Fall,SE,2103,0.16090283091048202
WindFarmA,13,84_cleaned.csv,Fall,SW,1423,0.1088752869166029
WindFarmA,13,84_cleaned.csv,Fall,W,1447,0.1107115531752104
WindFarmA,13,84_cleaned.csv,Spring,E,4576,0.34622077627298176
WindFarmA,13,84_cleaned.csv,Spring,N,669,0.050616630097601575
WindFarmA,13,84_cleaned.csv,Spring,NE,456,0.034501021411818114
WindFarmA,13,84_cleaned.csv,Spring,NW,1250,0.09457516834379966
WindFarmA,13,84_cleaned.csv,Spring,S,871,0.0658999773019596
WindFarmA,13,84_cleaned.csv,Spring,SE,2285,0.17288340773246577
WindFarmA,13,84_cleaned.csv,Spring,SW,1557,0.11780282968903685
WindFarmA,13,84_cleaned.csv,Spring,W,1553,0.11750018915033669
WindFarmA,13,84_cleaned.csv,Summer,E,4202,0.3210329284131714
WindFarmA,13,84_cleaned.csv,Summer,N,469,0.035831614332645735
WindFarmA,13,84_cleaned.csv,Summer,NE,474,0.03621361448544579
WindFarmA,13,84_cleaned.csv,Summer,NW,1498,0.11444724577889831
WindFarmA,13,84_cleaned.csv,Summer,S,960,0.07334402933761174
WindFarmA,13,84_cleaned.csv,Summer,SE,2072,0.15830086332034532
WindFarmA,13,84_cleaned.csv,Summer,SW,1352,0.10329284131713652
WindFarmA,13,84_cleaned.csv,Summer,W,2062,0.1575368630147452
WindFarmA,13,84_cleaned.csv,Winter,E,4056,0.31298711320317923
WindFarmA,13,84_cleaned.csv,Winter,N,1164,0.0898217455050544
WindFarmA,13,84_cleaned.csv,Winter,NE,903,0.06968130256964272
WindFarmA,13,84_cleaned.csv,Winter,NW,1795,0.13851377421097308
WindFarmA,13,84_cleaned.csv,Winter,S,539,0.04159271548730612
WindFarmA,13,84_cleaned.csv,Winter,SE,2329,0.1797206574581372
WindFarmA,13,84_cleaned.csv,Winter,SW,869,0.06705764333667721
WindFarmA,13,84_cleaned.csv,Winter,W,1304,0.10062504822903001

==> WindFarmA_92_cleaned_direction_summary.csv <==
WindFarmA,11,92_cleaned.csv,Fall,E,3425,0.2624521072796935
WindFarmA,11,92_cleaned.csv,Fall,N,872,0.06681992337164751
WindFarmA,11,92_cleaned.csv,Fall,NE,304,0.023295019157088124
WindFarmA,11,92_cleaned.csv,Fall,NW,1231,0.09432950191570881
WindFarmA,11,92_cleaned.csv,Fall,S,1100,0.0842911877394636
WindFarmA,11,92_cleaned.csv,Fall,SE,3259,0.2497318007662835
WindFarmA,11,92_cleaned.csv,Fall,SW,1176,0.09011494252873563
WindFarmA,11,92_cleaned.csv,Fall,W,1683,0.1289655172413793
WindFarmA,11,92_cleaned.csv,Spring,E,1985,0.15018536732995386
WindFarmA,11,92_cleaned.csv,Spring,N,1196,0.0904895210713475
WindFarmA,11,92_cleaned.csv,Spring,NE,465,0.03518196262389347
WindFarmA,11,92_cleaned.csv,Spring,NW,1956,0.1479912234243777
WindFarmA,11,92_cleaned.csv,Spring,S,968,0.07323901036543845
WindFarmA,11,92_cleaned.csv,Spring,SE,2461,0.18619959143527276
WindFarmA,11,92_cleaned.csv,Spring,SW,1464,0.11076643716425816
WindFarmA,11,92_cleaned.csv,Spring,W,2722,0.20594688658545812
WindFarmA,11,92_cleaned.csv,Summer,E,3780,0.2893004745140058
WindFarmA,11,92_cleaned.csv,Summer,N,405,0.03099647941221491
WindFarmA,11,92_cleaned.csv,Summer,NE,247,0.018904025715597735
WindFarmA,11,92_cleaned.csv,Summer,NW,1605,0.12283789989285168
WindFarmA,11,92_cleaned.csv,Summer,S,739,0.05655900811265881
WindFarmA,11,92_cleaned.csv,Summer,SE,3417,0.2615184448186132
WindFarmA,11,92_cleaned.csv,Summer,SW,696,0.053268023878769326
WindFarmA,11,92_cleaned.csv,Summer,W,2177,0.16661564365528853
WindFarmA,11,92_cleaned.csv,Winter,E,3297,0.25439814814814815
WindFarmA,11,92_cleaned.csv,Winter,N,1311,0.1011574074074074
WindFarmA,11,92_cleaned.csv,Winter,NE,804,0.062037037037037036
WindFarmA,11,92_cleaned.csv,Winter,NW,1534,0.1183641975308642
WindFarmA,11,92_cleaned.csv,Winter,S,678,0.052314814814814814
WindFarmA,11,92_cleaned.csv,Winter,SE,3493,0.2695216049382716
WindFarmA,11,92_cleaned.csv,Winter,SW,657,0.050694444444444445
WindFarmA,11,92_cleaned.csv,Winter,W,1186,0.09151234567901234

==> WindFarmB_19_cleaned_direction_summary.csv <==
WindFarmB,11,19_cleaned.csv,Fall,E,862,0.06578646111577502
WindFarmB,11,19_cleaned.csv,Fall,N,839,0.06403113790734946
WindFarmB,11,19_cleaned.csv,Fall,NE,478,0.03648019537510494
WindFarmB,11,19_cleaned.csv,Fall,NW,1575,0.12020148057696711
WindFarmB,11,19_cleaned.csv,Fall,S,2576,0.19659619934366176
WindFarmB,11,19_cleaned.csv,Fall,SE,1968,0.15019461192093414
WindFarmB,11,19_cleaned.csv,Fall,SW,3382,0.2581088300389224
WindFarmB,11,19_cleaned.csv,Fall,W,1423,0.1086010837212852
WindFarmB,11,19_cleaned.csv,Spring,E,1972,0.1488526570048309
WindFarmB,11,19_cleaned.csv,Spring,N,1650,0.12454710144927536
WindFarmB,11,19_cleaned.csv,Spring,NE,1289,0.09729770531400966
WindFarmB,11,19_cleaned.csv,Spring,NW,1788,0.13496376811594202
WindFarmB,11,19_cleaned.csv,Spring,S,939,0.07087862318840579
WindFarmB,11,19_cleaned.csv,Spring,SE,2264,0.1708937198067633
WindFarmB,11,19_cleaned.csv,Spring,SW,1344,0.10144927536231885
WindFarmB,11,19_cleaned.csv,Spring,W,2002,0.1511171497584541
WindFarmB,11,19_cleaned.csv,Summer,E,1352,0.10228476320169466
WindFarmB,11,19_cleaned.csv,Summer,N,1414,0.1069753366621274
WindFarmB,11,19_cleaned.csv,Summer,NE,1232,0.09320623392343774
WindFarmB,11,19_cleaned.csv,Summer,NW,2748,0.2078983204720835
WindFarmB,11,19_cleaned.csv,Summer,S,997,0.07542744742018459
WindFarmB,11,19_cleaned.csv,Summer,SE,1098,0.08306854289605084
WindFarmB,11,19_cleaned.csv,Summer,SW,2128,0.16099258586775608
WindFarmB,11,19_cleaned.csv,Summer,W,2249,0.17014676955666516
WindFarmB,11,19_cleaned.csv,Winter,E,897,0.06921296296296296
WindFarmB,11,19_cleaned.csv,Winter,N,447,0.03449074074074074
WindFarmB,11,19_cleaned.csv,Winter,NE,601,0.04637345679012346
WindFarmB,11,19_cleaned.csv,Winter,NW,1341,0.10347222222222222
WindFarmB,11,19_cleaned.csv,Winter,S,1575,0.12152777777777778
WindFarmB,11,19_cleaned.csv,Winter,SE,385,0.02970679012345679
WindFarmB,11,19_cleaned.csv,Winter,SW,4173,0.32199074074074074
WindFarmB,11,19_cleaned.csv,Winter,W,3541,0.2732253086419753

==> WindFarmB_21_cleaned_direction_summary.csv <==
WindFarmB,0,21_cleaned.csv,Fall,E,941,0.072917473847346
WindFarmB,0,21_cleaned.csv,Fall,N,929,0.07198760170476559
WindFarmB,0,21_cleaned.csv,Fall,NE,418,0.03239054629988376
WindFarmB,0,21_cleaned.csv,Fall,NW,2378,0.1842696629213483
WindFarmB,0,21_cleaned.csv,Fall,S,2217,0.17179387834172802
WindFarmB,0,21_cleaned.csv,Fall,SE,1320,0.10228593568384348
WindFarmB,0,21_cleaned.csv,Fall,SW,2674,0.20720650910499805
WindFarmB,0,21_cleaned.csv,Fall,W,2028,0.15714839209608678
WindFarmB,0,21_cleaned.csv,Spring,E,2041,0.15407262021589793
WindFarmB,0,21_cleaned.csv,Spring,N,1558,0.11761153468709896
WindFarmB,0,21_cleaned.csv,Spring,NE,1487,0.11225183060315543
WindFarmB,0,21_cleaned.csv,Spring,NW,1796,0.135577866686797
WindFarmB,0,21_cleaned.csv,Spring,S,796,0.06008907677209934
WindFarmB,0,21_cleaned.csv,Spring,SE,2208,0.16667924813165244
WindFarmB,0,21_cleaned.csv,Spring,SW,1343,0.10138144485543897
WindFarmB,0,21_cleaned.csv,Spring,W,2018,0.1523363780478599
WindFarmB,0,21_cleaned.csv,Summer,E,1378,0.10515070583746662
WindFarmB,0,21_cleaned.csv,Summer,N,1322,0.10087752766119802
WindFarmB,0,21_cleaned.csv,Summer,NE,1417,0.10812666921022511
WindFarmB,0,21_cleaned.csv,Summer,NW,2722,0.20770698206791302
WindFarmB,0,21_cleaned.csv,Summer,S,1037,0.07913010301411674
WindFarmB,0,21_cleaned.csv,Summer,SE,1020,0.07783288821060663
WindFarmB,0,21_cleaned.csv,Summer,SW,1921,0.1465852727966425
WindFarmB,0,21_cleaned.csv,Summer,W,2288,0.17458985120183138
WindFarmB,0,21_cleaned.csv,Winter,E,342,0.02638888888888889
WindFarmB,0,21_cleaned.csv,Winter,N,743,0.05733024691358025
WindFarmB,0,21_cleaned.csv,Winter,NE,123,0.00949074074074074
WindFarmB,0,21_cleaned.csv,Winter,NW,2582,0.1992283950617284
WindFarmB,0,21_cleaned.csv,Winter,S,1387,0.1070216049382716
WindFarmB,0,21_cleaned.csv,Winter,SE,792,0.06111111111111111
WindFarmB,0,21_cleaned.csv,Winter,SW,3344,0.2580246913580247
WindFarmB,0,21_cleaned.csv,Winter,W,3647,0.28140432098765433

==> WindFarmB_23_cleaned_direction_summary.csv <==
WindFarmB,6,23_cleaned.csv,Fall,E,941,0.07181561474471496
WindFarmB,6,23_cleaned.csv,Fall,N,545,0.041593528199648934
WindFarmB,6,23_cleaned.csv,Fall,NE,484,0.03693810577730291
WindFarmB,6,23_cleaned.csv,Fall,NW,2365,0.18049301686636648
WindFarmB,6,23_cleaned.csv,Fall,S,2206,0.16835839120812027
WindFarmB,6,23_cleaned.csv,Fall,SE,1758,0.1341677478440052
WindFarmB,6,23_cleaned.csv,Fall,SW,2632,0.20087002976417614
WindFarmB,6,23_cleaned.csv,Fall,W,2172,0.1657635655956651
WindFarmB,6,23_cleaned.csv,Spring,E,1922,0.14507850241545894
WindFarmB,6,23_cleaned.csv,Spring,N,1590,0.12001811594202899
WindFarmB,6,23_cleaned.csv,Spring,NE,1407,0.10620471014492754
WindFarmB,6,23_cleaned.csv,Spring,NW,1845,0.13926630434782608
WindFarmB,6,23_cleaned.csv,Spring,S,788,0.059480676328502416
WindFarmB,6,23_cleaned.csv,Spring,SE,2294,0.17315821256038647
WindFarmB,6,23_cleaned.csv,Spring,SW,1447,0.10922403381642512
WindFarmB,6,23_cleaned.csv,Spring,W,1955,0.14756944444444445
WindFarmB,6,23_cleaned.csv,Summer,E,1386,0.10461956521739131
WindFarmB,6,23_cleaned.csv,Summer,N,1418,0.10703502415458938
WindFarmB,6,23_cleaned.csv,Summer,NE,1211,0.09141002415458938
WindFarmB,6,23_cleaned.csv,Summer,NW,2752,0.20772946859903382
WindFarmB,6,23_cleaned.csv,Summer,S,1035,0.078125
WindFarmB,6,23_cleaned.csv,Summer,SE,1064,0.08031400966183574
WindFarmB,6,23_cleaned.csv,Summer,SW,2098,0.15836352657004832
WindFarmB,6,23_cleaned.csv,Summer,W,2284,0.17240338164251207
WindFarmB,6,23_cleaned.csv,Winter,E,339,0.026157407407407407
WindFarmB,6,23_cleaned.csv,Winter,N,594,0.04583333333333333
WindFarmB,6,23_cleaned.csv,Winter,NE,130,0.010030864197530864
WindFarmB,6,23_cleaned.csv,Winter,NW,2570,0.19830246913580246
WindFarmB,6,23_cleaned.csv,Winter,S,1403,0.10825617283950617
WindFarmB,6,23_cleaned.csv,Winter,SE,808,0.06234567901234568
WindFarmB,6,23_cleaned.csv,Winter,SW,3383,0.26103395061728396
WindFarmB,6,23_cleaned.csv,Winter,W,3733,0.28804012345679014

==> WindFarmB_27_cleaned_direction_summary.csv <==
WindFarmB,7,27_cleaned.csv,Fall,E,708,0.05499029126213592
WindFarmB,7,27_cleaned.csv,Fall,N,905,0.07029126213592234
WindFarmB,7,27_cleaned.csv,Fall,NE,479,0.03720388349514563
WindFarmB,7,27_cleaned.csv,Fall,NW,2125,0.1650485436893204
WindFarmB,7,27_cleaned.csv,Fall,S,2069,0.1606990291262136
WindFarmB,7,27_cleaned.csv,Fall,SE,1275,0.09902912621359224
WindFarmB,7,27_cleaned.csv,Fall,SW,2921,0.22687378640776698
WindFarmB,7,27_cleaned.csv,Fall,W,2393,0.1858640776699029
WindFarmB,7,27_cleaned.csv,Spring,E,1882,0.14205917874396135
WindFarmB,7,27_cleaned.csv,Spring,N,1641,0.1238677536231884
WindFarmB,7,27_cleaned.csv,Spring,NE,1372,0.10356280193236715
WindFarmB,7,27_cleaned.csv,Spring,NW,1781,0.13443538647342995
WindFarmB,7,27_cleaned.csv,Spring,S,759,0.057291666666666664
WindFarmB,7,27_cleaned.csv,Spring,SE,2379,0.17957427536231885
WindFarmB,7,27_cleaned.csv,Spring,SW,1456,0.10990338164251208
WindFarmB,7,27_cleaned.csv,Spring,W,1978,0.14930555555555555
WindFarmB,7,27_cleaned.csv,Summer,E,1237,0.0933725845410628
WindFarmB,7,27_cleaned.csv,Summer,N,1564,0.11805555555555555
WindFarmB,7,27_cleaned.csv,Summer,NE,1166,0.08801328502415459
WindFarmB,7,27_cleaned.csv,Summer,NW,2754,0.2078804347826087
WindFarmB,7,27_cleaned.csv,Summer,S,1075,0.08114432367149758
WindFarmB,7,27_cleaned.csv,Summer,SE,1059,0.07993659420289854
WindFarmB,7,27_cleaned.csv,Summer,SW,2043,0.15421195652173914
WindFarmB,7,27_cleaned.csv,Summer,W,2350,0.1773852657004831
WindFarmB,7,27_cleaned.csv,Winter,E,325,0.02507716049382716
WindFarmB,7,27_cleaned.csv,Winter,N,613,0.04729938271604938
WindFarmB,7,27_cleaned.csv,Winter,NE,124,0.009567901234567902
WindFarmB,7,27_cleaned.csv,Winter,NW,2568,0.19814814814814816
WindFarmB,7,27_cleaned.csv,Winter,S,1405,0.10841049382716049
WindFarmB,7,27_cleaned.csv,Winter,SE,838,0.06466049382716049
WindFarmB,7,27_cleaned.csv,Winter,SW,3415,0.26350308641975306
WindFarmB,7,27_cleaned.csv,Winter,W,3672,0.2833333333333333

==> WindFarmB_2_cleaned_direction_summary.csv <==
WindFarmB,13,2_cleaned.csv,Fall,E,736,0.056170342669617644
WindFarmB,13,2_cleaned.csv,Fall,N,910,0.06944974433335878
WindFarmB,13,2_cleaned.csv,Fall,NE,501,0.03823551858353049
WindFarmB,13,2_cleaned.csv,Fall,NW,2136,0.1630161031824773
WindFarmB,13,2_cleaned.csv,Fall,S,2072,0.1581317255590323
WindFarmB,13,2_cleaned.csv,Fall,SE,1254,0.09570327405937572
WindFarmB,13,2_cleaned.csv,Fall,SW,3041,0.23208425551400444
WindFarmB,13,2_cleaned.csv,Fall,W,2453,0.18720903609860337
WindFarmB,13,2_cleaned.csv,Spring,E,1988,0.15006038647342995
WindFarmB,13,2_cleaned.csv,Spring,N,1562,0.11790458937198067
WindFarmB,13,2_cleaned.csv,Spring,NE,1469,0.1108846618357488
WindFarmB,13,2_cleaned.csv,Spring,NW,1834,0.13843599033816426
WindFarmB,13,2_cleaned.csv,Spring,S,728,0.05495169082125604
WindFarmB,13,2_cleaned.csv,Spring,SE,2307,0.1741394927536232
WindFarmB,13,2_cleaned.csv,Spring,SW,1256,0.09480676328502416
WindFarmB,13,2_cleaned.csv,Spring,W,2104,0.15881642512077296
WindFarmB,13,2_cleaned.csv,Summer,E,830,0.06265096618357488
WindFarmB,13,2_cleaned.csv,Summer,N,1474,0.11126207729468598
WindFarmB,13,2_cleaned.csv,Summer,NE,1188,0.08967391304347826
WindFarmB,13,2_cleaned.csv,Summer,NW,2998,0.22629830917874397
WindFarmB,13,2_cleaned.csv,Summer,S,961,0.07253925120772947
WindFarmB,13,2_cleaned.csv,Summer,SE,751,0.05668780193236715
WindFarmB,13,2_cleaned.csv,Summer,SW,2153,0.16251509661835747
WindFarmB,13,2_cleaned.csv,Summer,W,2893,0.21837258454106281
WindFarmB,13,2_cleaned.csv,Winter,E,333,0.025694444444444443
WindFarmB,13,2_cleaned.csv,Winter,N,801,0.06180555555555556
WindFarmB,13,2_cleaned.csv,Winter,NE,106,0.008179012345679013
WindFarmB,13,2_cleaned.csv,Winter,NW,2610,0.2013888888888889
WindFarmB,13,2_cleaned.csv,Winter,S,1365,0.10532407407407407
WindFarmB,13,2_cleaned.csv,Winter,SE,769,0.05933641975308642
WindFarmB,13,2_cleaned.csv,Winter,SW,3233,0.24945987654320986
WindFarmB,13,2_cleaned.csv,Winter,W,3743,0.28881172839506175

==> WindFarmB_34_cleaned_direction_summary.csv <==
WindFarmB,14,34_cleaned.csv,Fall,E,741,0.05661242264496906
WindFarmB,14,34_cleaned.csv,Fall,N,987,0.07540683016273207
WindFarmB,14,34_cleaned.csv,Fall,NE,501,0.03827641531056612
WindFarmB,14,34_cleaned.csv,Fall,NW,2158,0.16487126594850637
WindFarmB,14,34_cleaned.csv,Fall,S,2041,0.15593246237298494
WindFarmB,14,34_cleaned.csv,Fall,SE,1273,0.09725723890289556
WindFarmB,14,34_cleaned.csv,Fall,SW,2984,0.22797769119107647
WindFarmB,14,34_cleaned.csv,Fall,W,2404,0.18366567346626939
WindFarmB,14,34_cleaned.csv,Spring,E,1999,0.1510503249206589
WindFarmB,14,34_cleaned.csv,Spring,N,1660,0.1254344869276107
WindFarmB,14,34_cleaned.csv,Spring,NE,1403,0.10601481033701073
WindFarmB,14,34_cleaned.csv,Spring,NW,1761,0.13306634426477257
WindFarmB,14,34_cleaned.csv,Spring,S,717,0.054178630799455944
WindFarmB,14,34_cleaned.csv,Spring,SE,2363,0.17855523651201452
WindFarmB,14,34_cleaned.csv,Spring,SW,1284,0.09702282000906755
WindFarmB,14,34_cleaned.csv,Spring,W,2047,0.1546773462294091
WindFarmB,14,34_cleaned.csv,Summer,E,1250,0.09435386473429952
WindFarmB,14,34_cleaned.csv,Summer,N,1671,0.12613224637681159
WindFarmB,14,34_cleaned.csv,Summer,NE,1439,0.1086201690821256
WindFarmB,14,34_cleaned.csv,Summer,NW,2867,0.21641002415458938
WindFarmB,14,34_cleaned.csv,Summer,S,906,0.06838768115942029
WindFarmB,14,34_cleaned.csv,Summer,SE,905,0.06831219806763285
WindFarmB,14,34_cleaned.csv,Summer,SW,1938,0.14628623188405798
WindFarmB,14,34_cleaned.csv,Summer,W,2272,0.17149758454106281
WindFarmB,14,34_cleaned.csv,Winter,E,355,0.027391975308641976
WindFarmB,14,34_cleaned.csv,Winter,N,723,0.05578703703703704
WindFarmB,14,34_cleaned.csv,Winter,NE,135,0.010416666666666666
WindFarmB,14,34_cleaned.csv,Winter,NW,2575,0.19868827160493827
WindFarmB,14,34_cleaned.csv,Winter,S,1392,0.10740740740740741
WindFarmB,14,34_cleaned.csv,Winter,SE,776,0.059876543209876544
WindFarmB,14,34_cleaned.csv,Winter,SW,3219,0.24837962962962962
WindFarmB,14,34_cleaned.csv,Winter,W,3785,0.29205246913580246

==> WindFarmB_52_cleaned_direction_summary.csv <==
WindFarmB,14,52_cleaned.csv,Fall,E,741,0.05661242264496906
WindFarmB,14,52_cleaned.csv,Fall,N,987,0.07540683016273207
WindFarmB,14,52_cleaned.csv,Fall,NE,501,0.03827641531056612
WindFarmB,14,52_cleaned.csv,Fall,NW,2158,0.16487126594850637
WindFarmB,14,52_cleaned.csv,Fall,S,2041,0.15593246237298494
WindFarmB,14,52_cleaned.csv,Fall,SE,1273,0.09725723890289556
WindFarmB,14,52_cleaned.csv,Fall,SW,2984,0.22797769119107647
WindFarmB,14,52_cleaned.csv,Fall,W,2404,0.18366567346626939
WindFarmB,14,52_cleaned.csv,Spring,E,1999,0.1510503249206589
WindFarmB,14,52_cleaned.csv,Spring,N,1660,0.1254344869276107
WindFarmB,14,52_cleaned.csv,Spring,NE,1403,0.10601481033701073
WindFarmB,14,52_cleaned.csv,Spring,NW,1761,0.13306634426477257
WindFarmB,14,52_cleaned.csv,Spring,S,717,0.054178630799455944
WindFarmB,14,52_cleaned.csv,Spring,SE,2363,0.17855523651201452
WindFarmB,14,52_cleaned.csv,Spring,SW,1284,0.09702282000906755
WindFarmB,14,52_cleaned.csv,Spring,W,2047,0.1546773462294091
WindFarmB,14,52_cleaned.csv,Summer,E,1060,0.08001207729468598
WindFarmB,14,52_cleaned.csv,Summer,N,2020,0.15247584541062803
WindFarmB,14,52_cleaned.csv,Summer,NE,1283,0.09684480676328502
WindFarmB,14,52_cleaned.csv,Summer,NW,2693,0.20327596618357488
WindFarmB,14,52_cleaned.csv,Summer,S,699,0.05276268115942029
WindFarmB,14,52_cleaned.csv,Summer,SE,850,0.064160628019323665
WindFarmB,14,52_cleaned.csv,Summer,SW,2214,0.1671195652173913
WindFarmB,14,52_cleaned.csv,Summer,W,2429,0.18334842995169082
WindFarmB,14,52_cleaned.csv,Winter,E,355,0.027391975308641976
WindFarmB,14,52_cleaned.csv,Winter,N,723,0.05578703703703704
WindFarmB,14,52_cleaned.csv,Winter,NE,135,0.010416666666666666
WindFarmB,14,52_cleaned.csv,Winter,NW,2575,0.19868827160493827
WindFarmB,14,52_cleaned.csv,Winter,S,1392,0.10740740740740741
WindFarmB,14,52_cleaned.csv,Winter,SE,776,0.059876543209876544
WindFarmB,14,52_cleaned.csv,Winter,SW,3219,0.24837962962962962
WindFarmB,14,52_cleaned.csv,Winter,W,3785,0.29205246913580246

==> WindFarmB_53_cleaned_direction_summary.csv <==
WindFarmB,6,53_cleaned.csv,Fall,E,869,0.06631562881562882
WindFarmB,6,53_cleaned.csv,Fall,N,813,0.062042124542124544
WindFarmB,6,53_cleaned.csv,Fall,NE,491,0.03746947496947497
WindFarmB,6,53_cleaned.csv,Fall,NW,1585,0.12095543345543346
WindFarmB,6,53_cleaned.csv,Fall,S,2479,0.18917887667887667
WindFarmB,6,53_cleaned.csv,Fall,SE,1957,0.14934371184371184
WindFarmB,6,53_cleaned.csv,Fall,SW,3455,0.26365995115995117
WindFarmB,6,53_cleaned.csv,Fall,W,1455,0.11103479853479853
WindFarmB,6,53_cleaned.csv,Spring,E,1922,0.14507850241545894
WindFarmB,6,53_cleaned.csv,Spring,N,1590,0.12001811594202899
WindFarmB,6,53_cleaned.csv,Spring,NE,1407,0.10620471014492754
WindFarmB,6,53_cleaned.csv,Spring,NW,1845,0.13926630434782608
WindFarmB,6,53_cleaned.csv,Spring,S,788,0.059480676328502416
WindFarmB,6,53_cleaned.csv,Spring,SE,2294,0.17315821256038647
WindFarmB,6,53_cleaned.csv,Spring,SW,1447,0.10922403381642512
WindFarmB,6,53_cleaned.csv,Spring,W,1955,0.14756944444444445
WindFarmB,6,53_cleaned.csv,Summer,E,1386,0.10461956521739131
WindFarmB,6,53_cleaned.csv,Summer,N,1418,0.10703502415458938
WindFarmB,6,53_cleaned.csv,Summer,NE,1211,0.09141002415458938
WindFarmB,6,53_cleaned.csv,Summer,NW,2752,0.20772946859903382
WindFarmB,6,53_cleaned.csv,Summer,S,1035,0.078125
WindFarmB,6,53_cleaned.csv,Summer,SE,1064,0.08031400966183574
WindFarmB,6,53_cleaned.csv,Summer,SW,2098,0.15836352657004832
WindFarmB,6,53_cleaned.csv,Summer,W,2284,0.17240338164251207
WindFarmB,6,53_cleaned.csv,Winter,E,621,0.04792036422563469
WindFarmB,6,53_cleaned.csv,Winter,N,539,0.04159271548730612
WindFarmB,6,53_cleaned.csv,Winter,NE,379,0.02924608380276256
WindFarmB,6,53_cleaned.csv,Winter,NW,2208,0.17038351724670114
WindFarmB,6,53_cleaned.csv,Winter,S,1186,0.09151940736167914
WindFarmB,6,53_cleaned.csv,Winter,SE,545,0.0420557141754765
WindFarmB,6,53_cleaned.csv,Winter,SW,3933,0.3034956400956864
WindFarmB,6,53_cleaned.csv,Winter,W,3548,0.27378655760475346

==> WindFarmB_74_cleaned_direction_summary.csv <==
WindFarmB,11,74_cleaned.csv,Fall,E,862,0.06578646111577502
WindFarmB,11,74_cleaned.csv,Fall,N,839,0.06403113790734946
WindFarmB,11,74_cleaned.csv,Fall,NE,478,0.03648019537510494
WindFarmB,11,74_cleaned.csv,Fall,NW,1575,0.12020148057696711
WindFarmB,11,74_cleaned.csv,Fall,S,2576,0.19659619934366176
WindFarmB,11,74_cleaned.csv,Fall,SE,1968,0.15019461192093414
WindFarmB,11,74_cleaned.csv,Fall,SW,3382,0.2581088300389224
WindFarmB,11,74_cleaned.csv,Fall,W,1423,0.1086010837212852
WindFarmB,11,74_cleaned.csv,Spring,E,1972,0.1488526570048309
WindFarmB,11,74_cleaned.csv,Spring,N,1650,0.12454710144927536
WindFarmB,11,74_cleaned.csv,Spring,NE,1289,0.09729770531400966
WindFarmB,11,74_cleaned.csv,Spring,NW,1788,0.13496376811594202
WindFarmB,11,74_cleaned.csv,Spring,S,939,0.07087862318840579
WindFarmB,11,74_cleaned.csv,Spring,SE,2264,0.1708937198067633
WindFarmB,11,74_cleaned.csv,Spring,SW,1344,0.10144927536231885
WindFarmB,11,74_cleaned.csv,Spring,W,2002,0.1511171497584541
WindFarmB,11,74_cleaned.csv,Summer,E,1352,0.10228476320169466
WindFarmB,11,74_cleaned.csv,Summer,N,1414,0.1069753366621274
WindFarmB,11,74_cleaned.csv,Summer,NE,1232,0.09320623392343774
WindFarmB,11,74_cleaned.csv,Summer,NW,2748,0.2078983204720835
WindFarmB,11,74_cleaned.csv,Summer,S,997,0.07542744742018459
WindFarmB,11,74_cleaned.csv,Summer,SE,1098,0.08306854289605084
WindFarmB,11,74_cleaned.csv,Summer,SW,2128,0.16099258586775608
WindFarmB,11,74_cleaned.csv,Summer,W,2249,0.17014676955666516
WindFarmB,11,74_cleaned.csv,Winter,E,618,0.047685185185185185
WindFarmB,11,74_cleaned.csv,Winter,N,639,0.049305555555555554
WindFarmB,11,74_cleaned.csv,Winter,NE,363,0.028009259259259258
WindFarmB,11,74_cleaned.csv,Winter,NW,2306,0.1779320987654321
WindFarmB,11,74_cleaned.csv,Winter,S,1183,0.09128086419753087
WindFarmB,11,74_cleaned.csv,Winter,SE,251,0.019367283950617285
WindFarmB,11,74_cleaned.csv,Winter,SW,4022,0.3103395061728395
WindFarmB,11,74_cleaned.csv,Winter,W,3578,0.27608024691358024

==> WindFarmB_77_cleaned_direction_summary.csv <==
WindFarmB,12,77_cleaned.csv,Fall,E,983,0.07502098756010074
WindFarmB,12,77_cleaned.csv,Fall,N,774,0.05907044188353812
WindFarmB,12,77_cleaned.csv,Fall,NE,472,0.036022284972906965
WindFarmB,12,77_cleaned.csv,Fall,NW,1559,0.11898038617110586
WindFarmB,12,77_cleaned.csv,Fall,S,2792,0.21308097382278868
WindFarmB,12,77_cleaned.csv,Fall,SE,1896,0.1446996870945585
WindFarmB,12,77_cleaned.csv,Fall,SW,3244,0.24757689078836909
WindFarmB,12,77_cleaned.csv,Fall,W,1383,0.10554834770663207
WindFarmB,12,77_cleaned.csv,Spring,E,2392,0.18055555555555555
WindFarmB,12,77_cleaned.csv,Spring,N,1910,0.14417270531400966
WindFarmB,12,77_cleaned.csv,Spring,NE,1474,0.11126207729468598
WindFarmB,12,77_cleaned.csv,Spring,NW,2214,0.1671195652173913
WindFarmB,12,77_cleaned.csv,Spring,S,1233,0.09307065217391304
WindFarmB,12,77_cleaned.csv,Spring,SE,1414,0.10673309178743962
WindFarmB,12,77_cleaned.csv,Spring,SW,1754,0.1323973429951691
WindFarmB,12,77_cleaned.csv,Spring,W,857,0.06468900966183574
WindFarmB,12,77_cleaned.csv,Summer,E,1330,0.10039251207729469
WindFarmB,12,77_cleaned.csv,Summer,N,1233,0.09307065217391304
WindFarmB,12,77_cleaned.csv,Summer,NE,1282,0.09676932367149758
WindFarmB,12,77_cleaned.csv,Summer,NW,2866,0.21633454106280192
WindFarmB,12,77_cleaned.csv,Summer,S,1090,0.08227657004830918
WindFarmB,12,77_cleaned.csv,Summer,SE,1029,0.07767210144927536
WindFarmB,12,77_cleaned.csv,Summer,SW,2227,0.16810084541062803
WindFarmB,12,77_cleaned.csv,Summer,W,2191,0.1653834541062802
WindFarmB,12,77_cleaned.csv,Winter,E,874,0.06743827160493827
WindFarmB,12,77_cleaned.csv,Winter,N,786,0.060648148148148145
WindFarmB,12,77_cleaned.csv,Winter,NE,1078,0.08317901234567901
WindFarmB,12,77_cleaned.csv,Winter,NW,1222,0.09429012345679012
WindFarmB,12,77_cleaned.csv,Winter,S,1902,0.14675925925925926
WindFarmB,12,77_cleaned.csv,Winter,SE,410,0.031635802469135804
WindFarmB,12,77_cleaned.csv,Winter,SW,3674,0.28348765432098766
WindFarmB,12,77_cleaned.csv,Winter,W,3014,0.23256172839506173

==> WindFarmB_7_cleaned_direction_summary.csv <==
WindFarmB,13,7_cleaned.csv,Fall,E,736,0.056170342669617644
WindFarmB,13,7_cleaned.csv,Fall,N,910,0.06944974433335878
WindFarmB,13,7_cleaned.csv,Fall,NE,501,0.03823551858353049
WindFarmB,13,7_cleaned.csv,Fall,NW,2136,0.1630161031824773
WindFarmB,13,7_cleaned.csv,Fall,S,2072,0.1581317255590323
WindFarmB,13,7_cleaned.csv,Fall,SE,1254,0.09570327405937572
WindFarmB,13,7_cleaned.csv,Fall,SW,3041,0.23208425551400444
WindFarmB,13,7_cleaned.csv,Fall,W,2453,0.18720903609860337
WindFarmB,13,7_cleaned.csv,Spring,E,1988,0.15006038647342995
WindFarmB,13,7_cleaned.csv,Spring,N,1562,0.11790458937198067
WindFarmB,13,7_cleaned.csv,Spring,NE,1469,0.1108846618357488
WindFarmB,13,7_cleaned.csv,Spring,NW,1834,0.13843599033816426
WindFarmB,13,7_cleaned.csv,Spring,S,728,0.05495169082125604
WindFarmB,13,7_cleaned.csv,Spring,SE,2307,0.1741394927536232
WindFarmB,13,7_cleaned.csv,Spring,SW,1256,0.09480676328502416
WindFarmB,13,7_cleaned.csv,Spring,W,2104,0.15881642512077296
WindFarmB,13,7_cleaned.csv,Summer,E,1260,0.09510869565217392
WindFarmB,13,7_cleaned.csv,Summer,N,2110,0.1592693236714976
WindFarmB,13,7_cleaned.csv,Summer,NE,1444,0.1089975845410628
WindFarmB,13,7_cleaned.csv,Summer,NW,2355,0.1777626811594203
WindFarmB,13,7_cleaned.csv,Summer,S,854,0.06446256038647342
WindFarmB,13,7_cleaned.csv,Summer,SE,891,0.06725543478260869
WindFarmB,13,7_cleaned.csv,Summer,SW,2103,0.1587409420289855
WindFarmB,13,7_cleaned.csv,Summer,W,2231,0.1684027777777778
WindFarmB,13,7_cleaned.csv,Winter,E,333,0.025694444444444443
WindFarmB,13,7_cleaned.csv,Winter,N,801,0.06180555555555556
WindFarmB,13,7_cleaned.csv,Winter,NE,106,0.008179012345679013
WindFarmB,13,7_cleaned.csv,Winter,NW,2610,0.2013888888888889
WindFarmB,13,7_cleaned.csv,Winter,S,1365,0.10532407407407407
WindFarmB,13,7_cleaned.csv,Winter,SE,769,0.05933641975308642
WindFarmB,13,7_cleaned.csv,Winter,SW,3233,0.24945987654320986
WindFarmB,13,7_cleaned.csv,Winter,W,3743,0.28881172839506175

==> WindFarmB_82_cleaned_direction_summary.csv <==
WindFarmB,5,82_cleaned.csv,Fall,E,928,0.07087756816619567
WindFarmB,5,82_cleaned.csv,Fall,N,905,0.06912090430000764
WindFarmB,5,82_cleaned.csv,Fall,NE,400,0.030550675933705033
WindFarmB,5,82_cleaned.csv,Fall,NW,2438,0.18620636981593217
WindFarmB,5,82_cleaned.csv,Fall,S,2206,0.16848697777438326
WindFarmB,5,82_cleaned.csv,Fall,SE,1411,0.1077675093561445
WindFarmB,5,82_cleaned.csv,Fall,SW,2857,0.2182082028564882
WindFarmB,5,82_cleaned.csv,Fall,W,1948,0.14878179179714351
WindFarmB,5,82_cleaned.csv,Spring,E,1568,0.11839323467230443
WindFarmB,5,82_cleaned.csv,Spring,N,1538,0.1161280579885231
WindFarmB,5,82_cleaned.csv,Spring,NE,1140,0.08607671398369073
WindFarmB,5,82_cleaned.csv,Spring,NW,1996,0.15070975536091816
WindFarmB,5,82_cleaned.csv,Spring,S,912,0.06886137118695258
WindFarmB,5,82_cleaned.csv,Spring,SE,1657,0.12511325883418906
WindFarmB,5,82_cleaned.csv,Spring,SW,2239,0.16905768649954697
WindFarmB,5,82_cleaned.csv,Spring,W,2194,0.16565992147387495
WindFarmB,5,82_cleaned.csv,Summer,E,1287,0.09714673913043478
WindFarmB,5,82_cleaned.csv,Summer,N,1309,0.09880736714975845
WindFarmB,5,82_cleaned.csv,Summer,NE,1315,0.09926026570048309
WindFarmB,5,82_cleaned.csv,Summer,NW,2749,0.2075030193236715
WindFarmB,5,82_cleaned.csv,Summer,S,1016,0.07669082125603864
WindFarmB,5,82_cleaned.csv,Summer,SE,1100,0.08303140096618357
WindFarmB,5,82_cleaned.csv,Summer,SW,2076,0.15670289855072464
WindFarmB,5,82_cleaned.csv,Summer,W,2396,0.1808574879227053
WindFarmB,5,82_cleaned.csv,Winter,E,335,0.025852755054792405
WindFarmB,5,82_cleaned.csv,Winter,N,656,0.050625096465503935
WindFarmB,5,82_cleaned.csv,Winter,NE,119,0.009183515974687452
WindFarmB,5,82_cleaned.csv,Winter,NW,2565,0.19794721407624633
WindFarmB,5,82_cleaned.csv,Winter,S,1419,0.10950764006791172
WindFarmB,5,82_cleaned.csv,Winter,SE,791,0.061043370890569534
WindFarmB,5,82_cleaned.csv,Winter,SW,3282,0.25327982713381697
WindFarmB,5,82_cleaned.csv,Winter,W,3791,0.2925605803364717

==> WindFarmB_83_cleaned_direction_summary.csv <==
WindFarmB,2,83_cleaned.csv,Fall,E,1301,0.10068880117637953
WindFarmB,2,83_cleaned.csv,Fall,N,380,0.029409488429688106
WindFarmB,2,83_cleaned.csv,Fall,NE,778,0.060212057890256174
WindFarmB,2,83_cleaned.csv,Fall,NW,1109,0.0858292701803266
WindFarmB,2,83_cleaned.csv,Fall,S,2454,0.1899233805433016
WindFarmB,2,83_cleaned.csv,Fall,SE,1199,0.09279467533472642
WindFarmB,2,83_cleaned.csv,Fall,SW,2934,0.22707220803343395
WindFarmB,2,83_cleaned.csv,Fall,W,2766,0.2140701184118876
WindFarmB,2,83_cleaned.csv,Spring,E,795,0.061542034370645614
WindFarmB,2,83_cleaned.csv,Spring,N,2368,0.18331010992413688
WindFarmB,2,83_cleaned.csv,Spring,NE,1334,0.10326675956030346
WindFarmB,2,83_cleaned.csv,Spring,NW,2857,0.22116426691438304
WindFarmB,2,83_cleaned.csv,Spring,S,879,0.06804458894565722
WindFarmB,2,83_cleaned.csv,Spring,SE,477,0.036925220622387366
WindFarmB,2,83_cleaned.csv,Spring,SW,1914,0.14816535067347886
WindFarmB,2,83_cleaned.csv,Spring,W,2294,0.1775816689890076
WindFarmB,2,83_cleaned.csv,Summer,E,1548,0.11689194291323718
WindFarmB,2,83_cleaned.csv,Summer,N,1262,0.09529562787887941
WindFarmB,2,83_cleaned.csv,Summer,NE,1418,0.10707543607943819
WindFarmB,2,83_cleaned.csv,Summer,NW,1903,0.14369855772861134
WindFarmB,2,83_cleaned.csv,Summer,S,1300,0.09816506833798988
WindFarmB,2,83_cleaned.csv,Summer,SE,888,0.06705429283395001
WindFarmB,2,83_cleaned.csv,Summer,SW,2396,0.18092577210601826
WindFarmB,2,83_cleaned.csv,Summer,W,2528,0.19089330212187572
WindFarmB,2,83_cleaned.csv,Winter,E,1931,0.14900841114283508
WindFarmB,2,83_cleaned.csv,Winter,N,705,0.05440234586002006
WindFarmB,2,83_cleaned.csv,Winter,NE,1609,0.12416081487769118
WindFarmB,2,83_cleaned.csv,Winter,NW,1058,0.08164210201404429
WindFarmB,2,83_cleaned.csv,Winter,S,2590,0.19986110039354887
WindFarmB,2,83_cleaned.csv,Winter,SE,1390,0.10726136275947218
WindFarmB,2,83_cleaned.csv,Winter,SW,2280,0.17593950150474574
WindFarmB,2,83_cleaned.csv,Winter,W,1396,0.10772436144764257

==> WindFarmB_86_cleaned_direction_summary.csv <==
WindFarmB,12,86_cleaned.csv,Fall,E,983,0.07502098756010074
WindFarmB,12,86_cleaned.csv,Fall,N,774,0.05907044188353812
WindFarmB,12,86_cleaned.csv,Fall,NE,472,0.036022284972906965
WindFarmB,12,86_cleaned.csv,Fall,NW,1559,0.11898038617110586
WindFarmB,12,86_cleaned.csv,Fall,S,2792,0.21308097382278868
WindFarmB,12,86_cleaned.csv,Fall,SE,1896,0.1446996870945585
WindFarmB,12,86_cleaned.csv,Fall,SW,3244,0.24757689078836909
WindFarmB,12,86_cleaned.csv,Fall,W,1383,0.10554834770663207
WindFarmB,12,86_cleaned.csv,Spring,E,1779,0.13428442028985507
WindFarmB,12,86_cleaned.csv,Spring,N,1533,0.11571557971014493
WindFarmB,12,86_cleaned.csv,Spring,NE,790,0.059631642512077296
WindFarmB,12,86_cleaned.csv,Spring,NW,2099,0.15843900966183574
WindFarmB,12,86_cleaned.csv,Spring,S,1320,0.09963768115942029
WindFarmB,12,86_cleaned.csv,Spring,SE,1300,0.0981280193236715
WindFarmB,12,86_cleaned.csv,Spring,SW,2534,0.19127415458937197
WindFarmB,12,86_cleaned.csv,Spring,W,1893,0.1428894927536232
WindFarmB,12,86_cleaned.csv,Summer,E,1330,0.10039251207729469
WindFarmB,12,86_cleaned.csv,Summer,N,1233,0.09307065217391304
WindFarmB,12,86_cleaned.csv,Summer,NE,1282,0.09676932367149758
WindFarmB,12,86_cleaned.csv,Summer,NW,2866,0.21633454106280192
WindFarmB,12,86_cleaned.csv,Summer,S,1090,0.08227657004830918
WindFarmB,12,86_cleaned.csv,Summer,SE,1029,0.07767210144927536
WindFarmB,12,86_cleaned.csv,Summer,SW,2227,0.16810084541062803
WindFarmB,12,86_cleaned.csv,Summer,W,2191,0.1653834541062802
WindFarmB,12,86_cleaned.csv,Winter,E,874,0.06743827160493827
WindFarmB,12,86_cleaned.csv,Winter,N,786,0.060648148148148145
WindFarmB,12,86_cleaned.csv,Winter,NE,1078,0.08317901234567901
WindFarmB,12,86_cleaned.csv,Winter,NW,1222,0.09429012345679012
WindFarmB,12,86_cleaned.csv,Winter,S,1902,0.14675925925925926
WindFarmB,12,86_cleaned.csv,Winter,SE,410,0.031635802469135804
WindFarmB,12,86_cleaned.csv,Winter,SW,3674,0.28348765432098766
WindFarmB,12,86_cleaned.csv,Winter,W,3014,0.23256172839506173

==> WindFarmB_87_cleaned_direction_summary.csv <==
WindFarmB,7,87_cleaned.csv,Fall,E,1109,0.08613592233009709
WindFarmB,7,87_cleaned.csv,Fall,N,635,0.04932038834951456
WindFarmB,7,87_cleaned.csv,Fall,NE,509,0.039533980582524275
WindFarmB,7,87_cleaned.csv,Fall,NW,1992,0.15471844660194176
WindFarmB,7,87_cleaned.csv,Fall,S,2071,0.16085436893203883
WindFarmB,7,87_cleaned.csv,Fall,SE,1677,0.13025242718446603
WindFarmB,7,87_cleaned.csv,Fall,SW,2708,0.21033009708737865
WindFarmB,7,87_cleaned.csv,Fall,W,2174,0.16885436893203884
WindFarmB,7,87_cleaned.csv,Spring,E,1882,0.14205917874396135
WindFarmB,7,87_cleaned.csv,Spring,N,1641,0.1238677536231884
WindFarmB,7,87_cleaned.csv,Spring,NE,1372,0.10356280193236715
WindFarmB,7,87_cleaned.csv,Spring,NW,1781,0.13443538647342995
WindFarmB,7,87_cleaned.csv,Spring,S,759,0.057291666666666664
WindFarmB,7,87_cleaned.csv,Spring,SE,2379,0.17957427536231885
WindFarmB,7,87_cleaned.csv,Spring,SW,1456,0.10990338164251208
WindFarmB,7,87_cleaned.csv,Spring,W,1978,0.14930555555555555
WindFarmB,7,87_cleaned.csv,Summer,E,1324,0.09993961352657005
WindFarmB,7,87_cleaned.csv,Summer,N,1331,0.10046799516908213
WindFarmB,7,87_cleaned.csv,Summer,NE,1326,0.10009057971014493
WindFarmB,7,87_cleaned.csv,Summer,NW,2740,0.20682367149758454
WindFarmB,7,87_cleaned.csv,Summer,S,1075,0.08114432367149758
WindFarmB,7,87_cleaned.csv,Summer,SE,1059,0.07993659420289854
WindFarmB,7,87_cleaned.csv,Summer,SW,2043,0.15421195652173914
WindFarmB,7,87_cleaned.csv,Summer,W,2350,0.1773852657004831
WindFarmB,7,87_cleaned.csv,Winter,E,325,0.02507716049382716
WindFarmB,7,87_cleaned.csv,Winter,N,613,0.04729938271604938
WindFarmB,7,87_cleaned.csv,Winter,NE,124,0.009567901234567902
WindFarmB,7,87_cleaned.csv,Winter,NW,2568,0.19814814814814816
WindFarmB,7,87_cleaned.csv,Winter,S,1405,0.10841049382716049
WindFarmB,7,87_cleaned.csv,Winter,SE,838,0.06466049382716049
WindFarmB,7,87_cleaned.csv,Winter,SW,3415,0.26350308641975306
WindFarmB,7,87_cleaned.csv,Winter,W,3672,0.2833333333333333
